,x,y,z,r,g,b,inlinear_idx
0,-1.3897061332686278,1.6892189302261247,6.345304768454946,64.0,144.0,241.0,0.0
1,0.00018804944020856955,1.735718420454833,5.9266622926793895,73.0,71.0,110.0,1.0
2,0.46580616948444065,-0.8446281702813534,7.547164461068947,120.0,113.0,121.0,2.0
3,-1.091276816434023,1.5126930620475896,6.265343935720082,124.0,147.0,153.0,3.0
4,-0.12941530210100433,1.234619549366291,6.265972986395687,69.0,82.0,88.0,4.0
5,-0.12941530210100433,1.234619549366291,6.265972986395687,69.0,82.0,88.0,5.0
6,-0.9970351291992025,1.4493862302309233,6.204370334180692,49.0,50.0,96.0,6.0
7,0.6479647576993727,-0.8029032903608506,7.468034789512815,134.0,140.0,112.0,7.0
8,-1.0621358393026747,1.467078593374269,6.225338851912303,81.0,83.0,124.0,8.0
9,0.2622632100660146,-0.8206802335640516,7.612117605449491,111.0,99.0,99.0,10.0
10,-1.676344980531857,1.6500566645105192,6.446386710178254,52.0,81.0,115.0,11.0
11,0.028011879005239222,0.10087590703303802,6.9631401921916805,145.0,166.0,159.0,12.0
12,0.22086738519337382,0.0689836499343903,6.968221245250739,160.0,183.0,177.0,14.0
13,0.26267697536096785,-0.08273032905696914,6.981627334107424,184.0,201.0,191.0,15.0
14,0.11420236428687709,0.11769101613375621,6.967164282557354,163.0,188.0,182.0,16.0
15,0.07069564756966763,-0.8484114660614382,7.661301025678486,109.0,100.0,119.0,17.0
16,-0.13596788296655188,1.657755534996931,5.999211073544487,101.0,121.0,110.0,18.0
17,-0.9642279295025705,-0.12055159358907923,8.013308703013335,126.0,101.0,104.0,19.0
18,-0.13020634555468044,1.065021452946753,6.312156387109055,76.0,108.0,133.0,20.0
19,-0.03327354628106224,0.2415688832735351,7.002228931853539,135.0,150.0,157.0,21.0
20,-1.0810966837125828,1.0420423221649038,7.258538556114554,158.0,138.0,111.0,22.0
21,0.14572808341232266,-0.07502271345455162,6.949471484239013,56.0,56.0,54.0,23.0
22,0.3058352874380343,-0.18304623864783312,7.021547708349288,187.0,205.0,193.0,28.0
23,-0.10061037989869312,-0.019688755740784582,6.967808481053523,170.0,175.0,168.0,29.0
24,-0.9892226757791063,-0.6651822892412447,8.046236060959986,118.0,108.0,117.0,30.0
25,-0.0001170883346036593,1.279994670971324,6.324546030607837,70.0,86.0,122.0,31.0
26,-0.41442323783941054,1.6154739515667098,6.079859612105008,98.0,131.0,140.0,32.0
27,-0.21387334106349892,-0.009576947370111857,6.994698230671959,87.0,104.0,98.0,35.0
28,-0.712486378641112,1.5834411968217017,6.138001249218876,116.0,147.0,175.0,37.0
29,-0.2746258572304315,-0.32611214908139796,7.0950196775588905,186.0,176.0,164.0,38.0
30,-0.27017736235225853,0.0034973987573139625,7.009186251924668,74.0,84.0,83.0,39.0
31,0.2065542314332859,0.1494251931764914,6.99264387780407,143.0,171.0,182.0,40.0
32,0.08192683225613095,-0.08004020734055084,6.940740968604344,163.0,180.0,174.0,41.0
33,0.22349473266367723,0.09531013794322649,6.9800950105263055,152.0,175.0,169.0,43.0
34,0.08910940366752601,-0.2511665265960721,6.984373238215102,189.0,207.0,193.0,44.0
35,0.09035224436669247,-0.051208171792031874,6.940512570332467,163.0,176.0,169.0,45.0
36,0.10284502170792612,-0.08219375466243291,6.948673747877662,169.0,181.0,177.0,46.0
37,-0.0881037653665339,0.06557563687392473,6.965983518714665,159.0,178.0,174.0,47.0
38,-0.08472244859619678,0.12703506537079703,6.970273544146009,159.0,177.0,177.0,48.0
39,-0.712486378641112,1.5834411968217017,6.138001249218876,116.0,147.0,175.0,50.0
40,-0.27017736235225853,0.0034973987573139625,7.009186251924668,74.0,84.0,83.0,51.0
41,-0.03742323330478934,0.02467706452198452,6.949648293271825,161.0,184.0,178.0,54.0
42,-0.20824025595030787,-0.3348627553842861,7.0572895214615095,188.0,171.0,161.0,55.0
43,-0.0397073747907651,1.218010288296654,6.313711642665478,143.0,169.0,170.0,56.0
44,0.15516219671786002,-0.29918002428005575,6.998977348888513,216.0,223.0,216.0,57.0
45,0.12846890302017266,0.12844157568862533,6.968056880340996,151.0,174.0,180.0,58.0
46,-0.13852864526884956,0.16868441273966384,6.979196734723938,159.0,175.0,165.0,59.0
47,-0.9793943839658138,0.318890174098143,8.061702013645535,121.0,113.0,126.0,60.0
48,0.16852590435233572,0.30389614739824683,7.0633504386324875,129.0,155.0,172.0,61.0
49,0.07057544696041301,-0.2461835095563235,6.962330705831267,188.0,206.0,190.0,62.0
50,0.2621753376703122,-0.24424186859346947,7.007934177869662,171.0,183.0,173.0,63.0
51,-0.21441327439449265,0.20076567312885268,7.028100482326337,157.0,175.0,175.0,64.0
52,0.6965900628557261,-0.8495868397436059,7.4690716220477125,85.0,95.0,94.0,66.0
53,0.2324252509917683,-0.28047732881397164,7.0050788995286135,197.0,216.0,210.0,68.0
54,-0.933022039885807,1.5133391692115805,6.213860119752164,75.0,85.0,77.0,69.0
55,-0.14799952733258,1.246058102855258,6.254863593777944,172.0,191.0,195.0,71.0
56,-0.1937825462501155,1.3048893695574306,6.218907693157567,75.0,109.0,155.0,72.0
57,-0.03462786290711336,-0.16441024313068867,6.958379238084218,69.0,75.0,65.0,73.0
58,-0.8559772300298422,1.4860053588663111,6.185086238216149,48.0,49.0,106.0,74.0
59,-0.7584730309444386,1.5469675125359628,6.163252069035443,137.0,164.0,175.0,77.0
60,-0.16674652567329942,1.1681468739836018,6.260368751864876,36.0,46.0,58.0,80.0
61,-0.16674652567329942,1.1681468739836018,6.260368751864876,36.0,46.0,58.0,83.0
62,-0.927501926629459,1.2318195277468627,6.642266890705903,127.0,126.0,108.0,84.0
63,-0.9664013625198372,-0.17687483699232734,8.029976596486607,118.0,98.0,100.0,86.0
64,-0.4390984227596418,1.6200583307041077,6.106715921259046,94.0,110.0,144.0,87.0
65,-0.0757435181902389,0.140865733670807,6.970607601091534,98.0,117.0,124.0,88.0
66,0.4590704495473682,-0.15241934913635632,7.08482181603898,167.0,186.0,182.0,89.0
67,0.5583100226366784,-0.8421159950109277,7.515496037899263,83.0,74.0,75.0,92.0
68,0.3737896736784337,-0.7761406677451498,7.58961282801811,119.0,110.0,113.0,93.0
69,0.07153626524057588,-0.288889767610795,6.980869634911632,210.0,225.0,222.0,95.0
70,-1.5814312105842294,1.5407918338856172,6.417649615803902,74.0,64.0,88.0,96.0
71,-0.4303779118136451,1.6471575898514688,6.079658528826196,103.0,110.0,129.0,97.0
72,0.12621176888943877,0.2679830101571196,7.015915429109825,152.0,169.0,159.0,99.0
73,-0.6439273129403025,-0.8701870820173757,7.8839750132757445,120.0,108.0,112.0,100.0
74,-0.946080108049052,1.6068482236366153,6.22848133098977,102.0,113.0,143.0,103.0
75,-0.23838043672048978,0.10389819226253304,7.005798947968256,109.0,130.0,123.0,105.0
76,0.5583100226366784,-0.8421159950109277,7.515496037899263,83.0,74.0,75.0,106.0
77,0.10724399741443665,0.14774512150419583,6.974935802135258,133.0,145.0,145.0,107.0
78,-0.11356666359496767,1.1298599047391749,6.29695736706972,48.0,74.0,123.0,108.0
79,-0.09167982239828183,-0.15055811036837982,6.955661023592034,181.0,188.0,181.0,109.0
80,-0.17941715772250197,1.2512251743762253,6.239152571003884,40.0,58.0,94.0,110.0
81,-0.027006198239584268,-0.08470917667580029,6.953944575354148,136.0,127.0,120.0,111.0
82,-0.04061130493460497,1.1513240521780708,6.318809957763917,162.0,184.0,195.0,112.0
83,-0.1835420000631593,-0.2787552515173989,7.019982260909156,197.0,186.0,166.0,115.0
84,-0.40227408659660435,-0.15874666541908045,7.087304943799027,172.0,153.0,147.0,117.0
85,-0.0832058948996775,-0.13670580612802238,6.956349424963908,84.0,88.0,89.0,118.0
86,-0.0757435181902389,0.140865733670807,6.970607601091534,98.0,117.0,124.0,120.0
87,-1.426308324712778,1.4864693591951703,6.362415484539935,105.0,136.0,156.0,123.0
88,-1.0877798428039118,1.2307120386039334,6.633179602043125,69.0,82.0,75.0,124.0
89,0.3619886061367492,0.05436051969015925,7.022412534727326,65.0,75.0,76.0,125.0
90,-0.2564569064351245,-0.18296248761933823,7.006877930121025,172.0,165.0,155.0,126.0
91,-0.24638560236587256,0.008958514806749649,7.001489264097824,151.0,159.0,148.0,127.0
92,-0.9358356117021098,0.6035881412971204,8.044252359365235,112.0,101.0,105.0,128.0
93,0.09473995384016429,-0.12471483070336847,6.945163167070987,184.0,200.0,190.0,130.0
94,-0.028037826455269275,-0.2723684523573173,6.987284419257841,195.0,206.0,190.0,131.0
95,-0.015295430908722247,-0.11006611712628571,6.943124054370899,148.0,134.0,121.0,132.0
96,-0.1116943173364784,1.1619104282075658,6.286098749434906,157.0,187.0,189.0,133.0
97,-0.002104028359131838,1.3254799944305986,6.302488799191106,66.0,99.0,108.0,135.0
98,-0.22119808639030195,-0.27829062086512385,7.0342043328725286,195.0,176.0,159.0,136.0
99,-0.02431170735181231,-0.12594536265614453,6.948296515197394,156.0,149.0,131.0,137.0
100,-0.946080108049052,1.6068482236366153,6.22848133098977,102.0,113.0,143.0,140.0
101,-0.34087345468079,1.5492288005454453,6.042246238523276,108.0,126.0,148.0,141.0
102,-0.15337028448601406,-0.11303317459809936,6.9717062812178385,75.0,79.0,80.0,142.0
103,-0.029938132404636362,0.2955080718547597,7.028762639884492,117.0,106.0,100.0,144.0
104,0.1635006281504886,-0.10373976721811873,6.9571384234479225,181.0,201.0,192.0,146.0
105,0.3177950160712398,-0.2938065181823256,7.034542988740853,203.0,220.0,212.0,147.0
106,-0.15319029099307277,1.52545850126266,5.958254002066098,41.0,52.0,97.0,148.0
107,0.7116614073407307,-0.7574331568820489,7.481394577177389,110.0,86.0,84.0,149.0
108,0.00419199152768368,1.6702917146810405,5.944702244221465,73.0,87.0,114.0,150.0
109,0.012134825793440784,-0.0523439016911988,6.938803005619355,47.0,67.0,66.0,151.0
110,0.3619886061367492,0.05436051969015925,7.022412534727326,65.0,75.0,76.0,152.0
111,-0.05953258097877273,0.125848391221488,6.959503262253513,145.0,167.0,165.0,153.0
112,-0.20608624491450173,0.06478995938137014,6.984217700286509,156.0,168.0,166.0,156.0
113,-0.1241382493001673,-0.04198358224780685,6.958747354863272,144.0,160.0,159.0,157.0
114,0.05202846095060121,1.7030118780561738,5.9358417013311495,49.0,53.0,62.0,158.0
115,0.333870340255531,0.15052781899417977,7.040827299289541,115.0,145.0,156.0,160.0
116,-1.017278226882133,1.2709718389488032,6.604031305127014,127.0,135.0,122.0,161.0
117,-0.0030054873697082747,-0.08108160393046229,6.95321174289202,141.0,139.0,118.0,162.0
118,-0.11136553898294366,-0.030649802515993776,6.960953675906851,46.0,53.0,63.0,163.0
119,-0.034902681461935765,0.09722784491457748,6.95688668820455,157.0,172.0,169.0,166.0
120,-0.08135304691103404,0.19847565403112594,6.994229885529028,62.0,78.0,78.0,167.0
121,0.3031101955999954,-0.3296443640623967,7.052772166869918,212.0,228.0,218.0,169.0
122,-1.4718031294861345,1.560176859760624,6.401229079783086,124.0,130.0,152.0,170.0
123,0.18342700401398002,0.0017868899811272934,6.963652304999962,160.0,178.0,166.0,171.0
124,0.01698495986991821,1.3140506050749006,6.316932539608737,18.0,34.0,68.0,173.0
125,-0.10549519248643766,1.2391412611742343,6.276806515342577,167.0,193.0,194.0,174.0
126,-1.0014888208885293,1.234701345691673,6.626506166149525,173.0,176.0,169.0,176.0
127,-0.17879985789415245,-0.2570580216635254,7.0116254650215915,176.0,161.0,154.0,177.0
128,-0.2560957346505926,0.08510037387482806,7.011906250096682,157.0,179.0,177.0,180.0
129,0.11521843964209937,0.20259652778077242,6.987903792327462,120.0,143.0,135.0,182.0
130,-1.2542547923567227,1.4157366054012064,6.282424147240035,184.0,192.0,215.0,183.0
131,-0.02194646272033777,-0.05880487133152522,6.949038397096453,121.0,134.0,125.0,184.0
132,0.054936727566460605,-0.03158331278284079,6.950956909977496,124.0,137.0,119.0,185.0
133,-0.08837762944015151,0.8224075642007994,7.601338308611,149.0,152.0,145.0,186.0
134,-0.1251969982106981,1.3163610935394385,6.250374618373212,68.0,106.0,145.0,187.0
135,-0.028486166711151038,-0.704771867624605,7.555651336693728,68.0,77.0,72.0,188.0
136,-1.0860228604255346,1.4265914337641985,6.236838012476525,189.0,177.0,197.0,189.0
137,-0.1299352004370004,1.327246422762652,6.247845015871509,25.0,29.0,66.0,190.0
138,0.21681386009633236,0.27793834857343264,7.048552040629475,125.0,152.0,171.0,191.0
139,0.04737302316147417,0.11263636523320479,6.95820153707842,62.0,72.0,74.0,192.0
140,-0.32190116775057903,-0.015926109633155786,7.024141043141985,135.0,147.0,147.0,193.0
141,0.34137047429245937,-0.12084193827613307,7.015999523495599,72.0,91.0,89.0,194.0
142,-0.04110496753876063,0.07141423247856402,6.949344864592025,130.0,147.0,137.0,196.0
143,0.361033598393693,-0.13986042980682326,7.013390903649989,188.0,208.0,199.0,197.0
144,0.30791561086320457,-0.2773765073638696,7.038278350148516,67.0,76.0,83.0,199.0
145,-0.1682708605091837,0.15751033898328717,6.997381487612803,92.0,110.0,110.0,200.0
146,-0.050220469694700516,-0.1508530600279022,6.95632363213527,170.0,176.0,176.0,201.0
147,0.014417802433825138,-0.06159063210160997,6.9491112948467135,78.0,81.0,90.0,202.0
148,0.006859554341583886,-0.08849746832219191,6.947404207860548,49.0,51.0,46.0,207.0
149,-1.1076802219603856,1.0930190172989458,7.260480707339785,144.0,110.0,75.0,208.0
150,-0.2439517817915189,-0.017144443583730608,6.998444678797522,157.0,172.0,165.0,209.0
151,0.006556626953034072,-0.0707916926588288,6.950212779061091,51.0,59.0,72.0,210.0
152,-1.0648391689655057,1.2772530654311223,6.600764077199642,26.0,36.0,38.0,211.0
153,-0.18229535412376374,0.2942563694284501,7.066701859894326,69.0,67.0,70.0,212.0
154,-0.07618074586416936,-0.28493972047885846,6.988994930159568,187.0,199.0,177.0,215.0
155,0.00162723763547949,-0.038822560164413565,6.947007519634587,154.0,171.0,152.0,217.0
156,-0.21704437354907644,-0.028960475092848468,6.9917190971422,164.0,176.0,174.0,218.0
157,0.02494608430984417,-0.6248826693727488,7.289623835453132,187.0,172.0,151.0,220.0
158,-0.9343411768401119,1.6097346388861111,6.237289237910822,108.0,126.0,128.0,221.0
159,0.057313585529002904,0.7463334908782457,7.492076055443911,70.0,78.0,67.0,222.0
160,-0.2446086355062349,-0.4202666090281264,7.1373141635917285,208.0,184.0,174.0,224.0
161,-0.24035488428009877,-0.18529238935492023,6.99968787484872,169.0,157.0,145.0,225.0
162,-0.32315664252329435,1.702856301769654,6.031897148994744,86.0,75.0,118.0,226.0
163,0.10396831561454971,0.32269620410182165,7.0399876377402695,97.0,107.0,99.0,228.0
164,-0.21485199101331182,0.1668083995894378,7.012830994689667,91.0,99.0,101.0,229.0
165,-0.7733148289064776,1.6483436865563115,6.1601675950347765,51.0,43.0,66.0,230.0
166,0.10503881624753171,-0.2583442330782028,6.970209354287489,201.0,212.0,206.0,232.0
167,-0.07934599809565071,-0.21801175758989694,6.9715189017349735,185.0,196.0,190.0,234.0
168,0.31124533503710927,0.20637403552958056,7.043199488566217,132.0,160.0,181.0,235.0
169,0.1635006281504886,-0.10373976721811873,6.9571384234479225,181.0,201.0,192.0,239.0
170,-0.21172684819652343,1.053785355713152,6.303075786957085,33.0,33.0,41.0,240.0
171,0.3423491916770499,0.057134153375871743,7.038767421265888,51.0,56.0,75.0,241.0
172,-0.4390984227596418,1.6200583307041077,6.106715921259046,94.0,110.0,144.0,242.0
173,-1.4950357619822883,1.4001794505966,6.327958792909834,86.0,98.0,114.0,243.0
174,-1.111596450675339,1.6097770101323343,6.288555703968617,135.0,158.0,189.0,244.0
175,0.1828553419215032,-0.37346564983132086,7.035010420916895,203.0,219.0,206.0,245.0
176,-0.27833955580983183,0.10341081964904218,7.020455570520683,79.0,91.0,77.0,246.0
177,-0.0030054873697082747,-0.08108160393046229,6.95321174289202,141.0,139.0,118.0,252.0
178,-0.9080176348341232,1.4735927720524693,6.180558874664146,76.0,69.0,136.0,256.0
179,-0.024954684531297247,-0.23162803727434247,6.9698515094688185,202.0,218.0,205.0,257.0
180,0.06480842447408312,0.2534125989932378,7.005942093134789,113.0,127.0,128.0,258.0
181,-0.16831977974225532,1.101415221028216,6.281198206356164,103.0,136.0,171.0,260.0
182,0.19786419498012794,0.07394055833915819,6.969761377378557,150.0,172.0,170.0,262.0
183,-0.1814908515124138,-0.22671409535954867,6.998395684171388,162.0,155.0,147.0,263.0
184,0.2211413246014188,-0.019332702257613466,6.961797873905804,139.0,154.0,147.0,264.0
185,-0.5667807150564864,1.6370351737919473,6.104531808736255,55.0,81.0,96.0,268.0
186,0.47748630430993133,-0.14111731561614346,7.0918806626149316,69.0,78.0,73.0,270.0
187,-1.0084017244511019,1.5954837396413406,6.253576539509119,130.0,163.0,180.0,271.0
188,-0.3993937860762233,1.5411316816647866,6.055853069934936,98.0,121.0,139.0,272.0
189,0.7732837675619986,-0.8473245286214387,7.447750974059415,104.0,107.0,98.0,273.0
190,-0.04934428850414441,-0.1336578793758297,6.947962684355457,79.0,79.0,87.0,274.0
191,-0.19752416730237132,1.1611543772131654,6.249359090936051,56.0,72.0,106.0,275.0
192,-0.292565120311423,-0.04176783110771159,7.018093221304,165.0,175.0,176.0,276.0
193,0.5815940574147905,1.2868864020207875,7.594651697838074,129.0,123.0,99.0,277.0
194,-0.15023102094586863,1.3195529788128233,6.242740919115657,71.0,106.0,144.0,278.0
195,-0.15224290448249442,1.1566742127794953,6.265658097455237,149.0,182.0,187.0,280.0
196,0.016290087146217228,1.2987872686200126,6.310120066268365,60.0,85.0,115.0,283.0
197,-0.31214784005549717,0.23296632431029982,7.083145932792547,139.0,157.0,157.0,286.0
198,-0.024954684531297247,-0.23162803727434247,6.9698515094688185,202.0,218.0,205.0,288.0
199,-0.05866551120206109,-0.24152322687182534,6.980399590624218,163.0,180.0,164.0,291.0
200,-0.7918264720587775,1.2269803666776324,6.72877554225631,108.0,112.0,113.0,293.0
201,-0.3252867389815052,-0.2934425691779106,7.090316922082189,192.0,173.0,159.0,294.0
202,-0.08386428263728472,1.2665616665333406,6.291746452321564,75.0,87.0,125.0,295.0
203,-0.16532552931042874,-0.1278143173754376,6.975914676144778,170.0,168.0,153.0,296.0
204,-0.7806666152592301,0.9405482189139298,7.3374772922844915,28.0,32.0,33.0,297.0
205,0.30506218452587075,0.27948536167858945,7.066582116808351,115.0,151.0,175.0,298.0
206,0.12055728512424145,0.3591103387491918,7.075602229635775,83.0,82.0,87.0,300.0
207,0.20171607714469061,0.09759186913561076,6.978281631766642,156.0,173.0,163.0,301.0
208,-0.17607685734897618,1.0885891980046067,6.284233932148497,110.0,137.0,144.0,302.0
209,-0.8569449080239551,1.239018926275819,6.660684880879699,177.0,182.0,159.0,303.0
210,0.4831445924041722,0.12952328771107527,7.12616985634763,140.0,156.0,169.0,305.0
211,0.138539826224882,0.06933450450469615,6.954552185250048,169.0,185.0,184.0,306.0
212,0.4770795845061307,-0.09050768709881939,7.079622490201143,148.0,163.0,156.0,307.0
213,-0.9543633242158179,1.2795285903393925,6.602860205554656,39.0,47.0,49.0,308.0
214,-0.7652510815741229,0.8179898412092519,7.302636649525206,96.0,103.0,95.0,309.0
215,-0.9237516201503746,1.3918839958409264,6.341004989927698,131.0,145.0,156.0,311.0
216,0.7559442378567447,-0.7972450043701456,7.452047493070954,155.0,161.0,123.0,312.0
217,0.5927920450429273,-0.8063455200967723,7.499440809327971,55.0,60.0,54.0,316.0
218,-1.5627548355668692,1.6621011256203402,6.403616713137884,38.0,62.0,100.0,317.0
219,-0.15855434354990494,-0.43070110027190334,7.102104926253042,219.0,201.0,199.0,321.0
220,-0.23407120867025977,-0.13964389342235511,6.989056012857276,159.0,156.0,137.0,322.0
221,0.26334528186835543,-0.3620366326997181,7.056997480440291,215.0,227.0,213.0,323.0
222,-0.13323728699253876,1.1772753095242174,6.270831453161981,65.0,72.0,88.0,324.0
223,0.19605808955673623,-0.09581359849728754,6.96170519194249,167.0,179.0,179.0,326.0
224,-0.963200805480141,1.4546239416480138,6.198031204213299,41.0,55.0,104.0,327.0
225,-0.07619523563052341,0.9245529645158672,7.580939198123823,39.0,50.0,42.0,329.0
226,-0.011135028330645167,1.3396274242624435,6.307422229468352,17.0,18.0,38.0,331.0
227,-0.8602250821642345,1.3937811317567947,6.323507560117527,46.0,52.0,52.0,334.0
228,0.30791561086320457,-0.2773765073638696,7.038278350148516,67.0,76.0,83.0,337.0
229,0.05260932802773596,-0.3012893044405377,6.991201295333947,204.0,220.0,210.0,338.0
230,-0.753689379411984,1.459255534584095,6.13325991050351,74.0,66.0,117.0,339.0
231,0.12971446524301183,-0.09919974073511127,6.940370085213744,145.0,157.0,153.0,341.0
232,-0.001394120790209464,1.5837969879318385,5.937707191269292,124.0,150.0,175.0,342.0
233,0.7930605234697808,-0.8640177733845182,7.434843035927946,190.0,193.0,172.0,344.0
234,0.04274378829701163,-0.4112186954008097,7.042582018913685,204.0,216.0,204.0,345.0
235,-0.16414817256022024,0.17552086891854346,7.008414785700001,147.0,173.0,172.0,346.0
236,-0.583867283660814,1.6386303918027008,6.100610305557346,43.0,52.0,59.0,349.0
237,0.4953063002367924,-0.7069170453090399,7.555503531035387,113.0,87.0,86.0,350.0
238,-0.2731193320664687,0.23461790842794697,7.065078481841509,147.0,162.0,159.0,351.0
239,-0.04110496753876063,0.07141423247856402,6.949344864592025,130.0,147.0,137.0,353.0
240,0.3763002717664754,0.19656710752984585,7.068385927646801,128.0,151.0,165.0,354.0
241,-1.078296703486209,1.2739194134617091,6.592081013263528,175.0,179.0,165.0,355.0
242,-1.0321353848509034,1.4648787911522128,6.208081061745489,72.0,79.0,121.0,356.0
243,-1.206857409547205,1.6436253080808005,6.302323238055319,94.0,83.0,126.0,357.0
244,-0.03030731427817887,1.7368037494487572,5.94109099562597,89.0,81.0,118.0,361.0
245,-0.1318449079425012,-0.07264110939033895,6.964525929701869,157.0,174.0,166.0,362.0
246,-0.166085569396393,0.30457118966263474,7.06258001042096,49.0,58.0,53.0,364.0
247,-0.20123301421563253,1.0659865925240188,6.302419387158299,184.0,219.0,225.0,367.0
248,-0.06207921929798668,0.019639787045290517,6.946737943907724,134.0,148.0,133.0,369.0
249,0.3073034955031881,-0.4026551337984306,7.095438678989142,220.0,237.0,221.0,370.0
250,-0.6052311822805125,1.4459634173429194,6.121768703439715,150.0,174.0,178.0,371.0
251,-0.371548775848738,-0.18395557084496594,7.079433268010675,178.0,163.0,158.0,372.0
252,-0.6985840886921111,1.4422893320733512,6.128640883145637,117.0,100.0,116.0,374.0
253,0.0011307457151758628,-0.23419221885972316,6.965778276620025,194.0,209.0,202.0,377.0
254,0.2665892773725033,-0.3067098988391346,7.065160236556337,211.0,229.0,217.0,378.0
255,0.09960835653639963,0.2751446105268234,7.006273683832239,127.0,149.0,147.0,379.0
256,-1.1192454415512627,1.4695774064374816,6.253032625328539,47.0,64.0,120.0,380.0
257,-0.9942001728621143,1.3165080399287425,6.6056724907686,17.0,20.0,25.0,381.0
258,-0.17040430089508657,0.3190558622310477,7.067848385592298,117.0,110.0,104.0,383.0
259,0.135186843295827,0.3230959944657171,7.045522675766652,119.0,138.0,144.0,384.0
260,0.38728302876438936,0.04873551054323368,7.0288710990185095,66.0,66.0,76.0,388.0
261,-1.0807770522769444,1.651035733704005,6.268074974190118,92.0,91.0,125.0,389.0
262,-0.37361278006368,0.22478521778348845,7.113018856961582,103.0,115.0,113.0,390.0
263,-0.21066812070185592,-0.1941169965718519,7.011259907876319,176.0,170.0,158.0,393.0
264,0.6575174597563307,0.46228682697634016,7.5740138340061955,72.0,61.0,77.0,394.0
265,-0.9042080251022435,1.3951402511806448,6.340075267974154,43.0,49.0,49.0,395.0
266,-0.9829999832997923,1.39276906275287,6.356867870843521,39.0,41.0,40.0,397.0
267,-0.022219041444558312,-0.1752922980879794,6.9601953700713075,156.0,159.0,140.0,400.0
268,-0.002354902185140768,0.13973994672793683,6.980530111047362,154.0,174.0,165.0,402.0
269,-0.050220469694700516,-0.1508530600279022,6.95632363213527,170.0,176.0,176.0,403.0
270,-1.110408700281567,1.2857150836295372,6.58350263237257,182.0,185.0,176.0,404.0
271,-0.058257203397589885,1.1346684065734352,6.316201466806811,50.0,68.0,116.0,405.0
272,-0.384470364375691,0.19755293715360178,7.111925940844294,85.0,101.0,100.0,406.0
273,0.1946253508286691,1.3917269651551756,6.557912057147197,30.0,34.0,35.0,408.0
274,0.151976085299745,-0.20041283014153363,6.966933778027034,199.0,210.0,194.0,409.0
275,0.170053466696856,-0.28111590947110104,6.998915133686287,165.0,183.0,169.0,411.0
276,-1.0967781225654414,1.3301409202315784,6.572155147620496,17.0,15.0,18.0,412.0
277,-0.9744045131136388,1.2525493923488666,6.608537577095034,52.0,66.0,79.0,413.0
278,-0.038326035348316065,-0.7402394065462866,7.603360822709957,23.0,25.0,20.0,416.0
279,-0.14440798820942968,-0.34534507098901807,7.038646295783019,209.0,224.0,219.0,417.0
280,0.1445590397588006,-0.1744775525110195,6.956098657311988,168.0,181.0,161.0,418.0
281,0.0275615568841441,1.418892611296755,6.379693012677007,43.0,45.0,40.0,419.0
282,-0.2933000535649693,0.24386794101588646,7.065652570383127,105.0,114.0,113.0,421.0
283,-0.8445687483597798,1.2726797367823848,6.6354121395099765,117.0,122.0,116.0,422.0
284,0.2330399500063572,0.15786025590990477,6.998686472388577,137.0,170.0,179.0,423.0
285,0.4836576231479441,-0.2869223532842225,7.145609027566483,188.0,191.0,182.0,425.0
286,-1.0461354393193614,1.6122087578196462,6.257343525625948,132.0,158.0,185.0,426.0
287,0.15816270382349454,0.0763304820086737,6.975220200431913,162.0,183.0,184.0,427.0
288,-1.3153011722846053,1.6226634425694613,6.333956957483067,54.0,48.0,74.0,428.0
289,-0.729997312165968,1.6749494771714375,6.16172404384068,105.0,90.0,133.0,430.0
290,-0.012889322230934653,1.6119573767281183,5.910374614291278,115.0,135.0,159.0,431.0
291,-0.5722232314838988,-0.7412059771560583,7.8760209237782135,92.0,81.0,87.0,436.0
292,-0.20468199374279916,-0.35528840401234707,7.060433420335391,206.0,193.0,187.0,437.0
293,-0.8602250821642345,1.3937811317567947,6.323507560117527,46.0,52.0,52.0,440.0
294,-0.10335088058594182,-0.4341672492310492,7.089088749417636,210.0,214.0,200.0,442.0
295,0.10396831561454971,0.32269620410182165,7.0399876377402695,97.0,107.0,99.0,446.0
296,-0.4601663463412204,-0.2518592538022601,7.170974525090919,185.0,178.0,160.0,449.0
297,-0.9484648387085719,1.4072753465572134,6.33230896340377,157.0,157.0,183.0,450.0
298,-0.34572487348610464,-0.3173660976417313,7.125177975244196,195.0,191.0,179.0,451.0
299,0.22513903196182042,-0.444990199127426,7.1152101030063,219.0,239.0,230.0,453.0
300,0.2656346965500626,-0.029168623310356964,6.98222860954224,143.0,154.0,137.0,454.0
301,-0.8979721159772137,-0.1805316969213871,7.976758989210582,115.0,101.0,114.0,455.0
302,0.333870340255531,0.15052781899417977,7.040827299289541,115.0,145.0,156.0,456.0
303,0.4234933075382261,0.31922960412252827,7.165468750716266,40.0,51.0,71.0,457.0
304,0.12257044778185072,-0.3768974697521303,7.033635651353961,125.0,139.0,124.0,459.0
305,-1.4266461643007202,1.643143261976561,6.366657936544772,26.0,23.0,50.0,460.0
306,-0.02194646272033777,-0.05880487133152522,6.949038397096453,121.0,134.0,125.0,463.0
307,-0.06311942287902331,-0.1836076965703157,6.976900878761527,149.0,163.0,150.0,464.0
308,-0.29999575714213805,-0.3223766579702044,7.100489418748541,187.0,177.0,175.0,465.0
309,0.09487768347200533,-0.025812958226425233,6.9355545998063235,134.0,145.0,129.0,466.0
310,-0.901357903358539,-0.2532464856169182,8.006715448966807,97.0,87.0,95.0,467.0
311,-0.08421549598927155,1.2282495276722751,6.289866984710088,38.0,43.0,62.0,468.0
312,-1.7707585105188277,1.7758191273113324,5.509955627122839,155.0,209.0,255.0,471.0
313,0.5126539586114961,0.03765239749368486,7.113300920959072,123.0,126.0,119.0,474.0
314,-0.6794328689841864,-0.8189539307177961,7.924830026267882,99.0,86.0,95.0,475.0
315,0.028781075574350383,0.2852343578497861,7.0166891642314795,125.0,137.0,125.0,478.0
316,0.0012007461771593258,0.2992021332485018,7.021488630939236,96.0,72.0,68.0,480.0
317,0.23603301176256353,0.13867150422765487,6.991381775642628,147.0,177.0,188.0,481.0
318,-0.23278876423774505,1.4915593913780925,5.973496065739958,83.0,72.0,115.0,482.0
319,0.5382671023258443,-0.1649610033573637,7.131484000285265,139.0,131.0,118.0,483.0
320,-0.49896339946517504,1.6199324841758178,6.095738264582217,97.0,113.0,146.0,484.0
321,0.4107873626442906,0.06384865299542834,7.04293408913435,156.0,177.0,180.0,485.0
322,0.21715557930234217,0.30905549001289634,7.061597916583628,123.0,147.0,173.0,486.0
323,-0.13260461017451308,-0.026228247994182947,6.960465726120273,53.0,58.0,61.0,487.0
324,-0.4511773339046182,1.4160366295688713,6.195671165843266,42.0,40.0,41.0,492.0
325,0.12872267375731153,1.31697257669899,6.93776061909746,130.0,138.0,140.0,493.0
326,-1.0271899488027185,0.8809189001254183,7.278747232347614,158.0,127.0,81.0,494.0
327,-0.16048906741104738,-0.3812749575637019,7.065405324691275,221.0,218.0,203.0,495.0
328,-0.4116956998379822,-0.041725584688674155,7.086348660034247,81.0,82.0,87.0,498.0
329,0.3646067779601174,0.21024781833396056,7.070875197307978,52.0,63.0,83.0,500.0
330,-0.07769106565135532,-0.1517644825658506,6.962616542378404,184.0,199.0,194.0,503.0
331,-1.6812049723271218,1.4746026472730631,6.429045168293383,158.0,221.0,255.0,504.0
332,-0.3447327125634401,-0.2192777709215004,7.064857632841404,193.0,180.0,172.0,506.0
333,0.2596793852189689,-0.4056228260663765,7.088717668017709,131.0,141.0,133.0,508.0
334,-0.14984980310258633,1.4271369654345765,6.257068849232471,61.0,48.0,58.0,509.0
335,0.006556626953034072,-0.0707916926588288,6.950212779061091,51.0,59.0,72.0,511.0
336,-1.098496873773735,1.2691130177782772,6.609481611761334,49.0,57.0,59.0,512.0
337,-0.7552632887377164,1.4845231786280995,6.136534209148749,69.0,65.0,116.0,513.0
338,0.35007043588554726,1.1451708533165212,7.673466038747539,58.0,46.0,48.0,514.0
339,0.14190172531816958,0.1124985481119102,6.961470105244649,161.0,179.0,181.0,516.0
340,0.5799319411750649,-0.16990099895500585,7.201362419807714,136.0,120.0,107.0,522.0
341,-0.9128265096181895,1.6604861432360467,6.217942411053547,102.0,94.0,135.0,523.0
342,-1.1678100796126605,1.1851594333082733,6.967736760710026,137.0,167.0,203.0,526.0
343,-0.3840428562727516,-0.04309464995581061,7.059436975271721,167.0,169.0,166.0,527.0
344,0.24097864380955475,-0.4126379775743563,7.094698292065853,214.0,227.0,210.0,528.0
345,-0.41272586001102163,-0.17627351886510095,7.103869112504013,144.0,132.0,120.0,529.0
346,-1.372227555444053,1.4172728177665006,6.321472743803277,50.0,57.0,111.0,530.0
347,-0.08474033002881512,1.2287131054076328,6.292869873241522,36.0,40.0,52.0,532.0
348,0.1724603350350176,-0.5475033369683433,7.209238413684491,165.0,177.0,175.0,534.0
349,-0.9370010763275932,1.2667800413385235,6.619119713369364,47.0,51.0,63.0,535.0
350,-0.01975991098361105,1.1533648888588144,6.325112050661774,54.0,70.0,95.0,539.0
351,-0.05160635491034239,0.28503844123327166,7.030280290331451,55.0,48.0,64.0,540.0
352,0.0067476352324521835,0.07757522123140274,6.948161556132502,156.0,175.0,169.0,541.0
353,-0.2933000535649693,0.24386794101588646,7.065652570383127,105.0,114.0,113.0,542.0
354,-0.5572487506010276,1.0360258729703236,7.126887043289986,140.0,125.0,102.0,543.0
355,0.32459977687114805,-0.0016501743601258236,6.999011378721913,125.0,135.0,137.0,544.0
356,-1.41080847086353,1.4175756425587966,6.336036736932541,41.0,43.0,84.0,548.0
357,0.025224995017660706,0.3023544212081458,7.034758404134758,86.0,71.0,66.0,550.0
358,-0.751886049084014,1.409845077406851,6.3136285946204245,143.0,163.0,172.0,551.0
359,0.544735533924412,0.6013241549856683,7.623219199227644,42.0,43.0,48.0,552.0
360,-0.3119973302989141,1.5295281426933547,6.020489133685953,39.0,45.0,61.0,555.0
361,-1.5538827986453294,1.5808112556357692,6.409150949352635,135.0,159.0,161.0,556.0
362,-0.39058975274869356,0.17208205289648165,7.108305544852238,84.0,88.0,89.0,557.0
363,-0.30413339288660657,-0.12167477046687412,7.026627124092726,177.0,193.0,180.0,558.0
364,-0.20124919973346073,0.17462198705712195,7.013545447116488,140.0,156.0,143.0,560.0
365,0.4502751345569412,-0.037469879447760125,7.062432003415967,117.0,110.0,104.0,561.0
366,-1.7707585105188277,1.7758191273113324,5.509955627122839,155.0,209.0,255.0,562.0
367,-0.13260461017451308,-0.026228247994182947,6.960465726120273,53.0,58.0,61.0,563.0
368,0.05247886856963797,-0.12772313492112178,6.9247535280215615,125.0,108.0,100.0,564.0
369,-0.023571615942181563,0.2651778264551941,7.008814136783959,124.0,136.0,134.0,566.0
370,-0.9942001728621143,1.3165080399287425,6.6056724907686,17.0,20.0,25.0,568.0
371,-0.9574426560441021,-0.25556165223152133,8.001204378981885,99.0,94.0,101.0,570.0
372,0.09063057160538407,-0.2959828887309734,6.982666846147754,205.0,217.0,207.0,571.0
373,-0.33611086990597283,-0.17227573889740275,7.052190934677749,176.0,184.0,169.0,572.0
374,-0.6374084287062757,-0.6270402934529123,7.897446730074322,62.0,63.0,65.0,573.0
375,-1.085030278726944,1.1854913818544943,6.936370440895036,156.0,179.0,213.0,574.0
376,-0.2746282515089068,1.6063838000424056,6.028959844762338,99.0,116.0,123.0,575.0
377,0.23548847242809517,-0.239048392462726,6.989936085887865,166.0,189.0,173.0,576.0
378,0.6519412015356524,-0.8721792588646429,7.476140022329919,202.0,203.0,189.0,577.0
379,-0.08878464303071765,1.2520264906737344,6.306458800318377,165.0,194.0,192.0,578.0
380,0.0629173200921428,0.28756037835738146,7.022214079050473,72.0,77.0,83.0,579.0
381,0.18199890198441443,-0.17481729786805095,6.956973776513911,180.0,197.0,189.0,582.0
382,0.20774068209079125,0.17462544193843696,7.000530584402438,155.0,179.0,181.0,583.0
383,-1.0477520004964378,1.3655304081758342,6.614051928710993,41.0,42.0,37.0,584.0
384,-0.4073827657218654,-0.09948784442750261,7.082724834393125,170.0,180.0,169.0,585.0
385,-0.23001062326736435,1.0496534770969324,6.315806379817867,51.0,63.0,105.0,586.0
386,-0.24303419176049648,0.21929067396452764,7.047345853984743,155.0,161.0,157.0,588.0
387,0.17947705219944926,0.7815596564636353,7.476530085537772,10.0,19.0,16.0,590.0
388,0.2878147986642033,1.3065530241397212,7.07147327265349,169.0,182.0,173.0,591.0
389,-0.014697781303655491,1.2516390427450361,6.31919352931782,179.0,203.0,205.0,592.0
390,-0.10385262824550305,0.2719162810635639,7.022846548424262,46.0,53.0,59.0,597.0
391,-0.07550150692404219,0.28839498861356233,7.0331807177060215,70.0,59.0,63.0,599.0
392,-0.1938043290002554,0.4096813657123898,7.137244958729522,104.0,124.0,113.0,601.0
393,0.35023798604219475,0.040297735934632435,7.021291311036588,147.0,165.0,165.0,603.0
394,0.3423491916770499,0.057134153375871743,7.038767421265888,51.0,56.0,75.0,605.0
395,-0.18997219256618128,1.053999918310632,6.3008080468971785,50.0,63.0,97.0,606.0
396,0.2634206034596973,1.374337852291361,6.681518338166802,155.0,158.0,165.0,608.0
397,-0.29780881239638346,-0.42561613494082745,7.189034391138679,124.0,112.0,112.0,609.0
398,0.17386372934996056,1.3153406263551015,6.952085270859048,145.0,155.0,157.0,610.0
399,0.47748630430993133,-0.14111731561614346,7.0918806626149316,69.0,78.0,73.0,611.0
400,-0.3117695573556004,-0.406624223575094,7.164481990756645,197.0,180.0,164.0,612.0
401,-1.4645175998686406,1.4848193402124887,6.377147179807653,104.0,134.0,172.0,613.0
402,0.15586505473219017,-0.25144298320659303,6.973040321859653,87.0,93.0,89.0,615.0
403,-1.155505788300503,1.3278073637146228,6.499716731161444,193.0,198.0,192.0,616.0
404,-1.0912371273572663,1.0669954441751675,7.240836529264465,162.0,133.0,101.0,619.0
405,-0.9346811394393687,1.3180866173764376,6.6055853355735525,20.0,30.0,29.0,620.0
406,0.45213564981011634,-0.28320319933388943,7.0953973791857825,183.0,195.0,175.0,622.0
407,0.4909207300151415,0.1901265493839611,7.141564324905661,39.0,56.0,86.0,623.0
408,-0.2863963582948019,1.410236763974817,6.253713180145185,27.0,31.0,43.0,624.0
409,-0.7903435618824517,1.4350114563527228,6.160363288976451,111.0,95.0,105.0,625.0
410,-0.9084127710742502,-0.039934040876402295,8.003812456862782,107.0,103.0,102.0,627.0
411,-0.8865581600878547,1.2630116385641863,6.621381154304193,144.0,155.0,139.0,628.0
412,-1.1076686580840054,1.2316034023598355,6.632248401103929,169.0,171.0,168.0,630.0
413,0.05366240453931089,1.7224161015755157,5.913892985934001,84.0,83.0,115.0,631.0
414,-1.54426792708761,1.3432386732085777,6.773590395123867,129.0,120.0,151.0,632.0
415,-0.13034651626128804,-0.14775263552046128,6.9790213110120085,169.0,182.0,175.0,634.0
416,-0.19943399592247485,0.44632758392363486,7.182211001642532,40.0,65.0,70.0,635.0
417,-0.9453055955432486,1.6580194294251038,6.2232976369436965,94.0,87.0,120.0,636.0
418,-0.3275795668059037,0.015095377738776672,7.038211501983505,52.0,66.0,67.0,637.0
419,0.3959321266275343,0.18046983096592895,7.073468989643635,97.0,113.0,126.0,638.0
420,-0.04105991063967089,-0.35791069919616986,7.028279466463466,219.0,236.0,228.0,640.0
421,0.26332756200628066,0.3911138307232393,7.120391060623967,82.0,102.0,109.0,643.0
422,0.10796838615529604,1.3948823915143322,6.502815154992909,163.0,173.0,165.0,645.0
423,-0.255246246158348,-0.39002339570275013,7.116468668457196,197.0,176.0,171.0,647.0
424,-0.09275960972070284,1.2035801768698144,6.2913382242989835,166.0,190.0,200.0,649.0
425,-0.02432852894905064,-0.20505401132477094,6.963817591054107,204.0,210.0,198.0,650.0
426,-0.09207621341480313,1.0622428815824736,6.325211210595572,66.0,102.0,124.0,651.0
427,-0.895250931779481,1.4563941461670527,6.190397246054408,74.0,63.0,105.0,655.0
428,-0.773417233406502,0.8914588600350766,7.3281303800759305,83.0,89.0,79.0,659.0
429,-0.720587190991762,1.5582920416390391,6.147212345347842,102.0,127.0,131.0,660.0
430,0.34885859804550723,0.3368706900852047,7.13092822652838,48.0,65.0,75.0,661.0
431,0.25846280640941266,-0.3401212145481466,7.057407526352192,190.0,206.0,179.0,663.0
432,-0.25609693276140766,0.05237302692359423,7.00197153963197,108.0,128.0,126.0,665.0
433,-0.25731727768549467,-0.15345965473648512,7.019164474852786,149.0,140.0,131.0,666.0
434,0.23656292953797428,0.35926119821765695,7.100389039896109,41.0,54.0,71.0,670.0
435,-0.059378365039742864,0.229568841545243,6.996881661761719,141.0,161.0,162.0,671.0
436,-0.11373676977169102,1.0928881676213782,6.293388735217577,112.0,136.0,170.0,672.0
437,-0.03850577914587038,-0.12508798671620314,6.950053420009313,165.0,167.0,153.0,678.0
438,-0.14517692994086479,-0.18238289481131698,6.972292087378602,188.0,189.0,173.0,680.0
439,0.47497426855281566,0.05777562639938604,7.093895900093635,46.0,54.0,77.0,682.0
440,0.19605808955673623,-0.09581359849728754,6.96170519194249,167.0,179.0,179.0,685.0
441,0.16686295035154647,0.14709751196075965,6.978215953107208,132.0,154.0,165.0,686.0
442,-0.6991320219777315,1.420910857348183,6.313421849247527,150.0,169.0,184.0,687.0
443,0.34930447515073554,1.4175954821906753,6.652337951279694,36.0,42.0,58.0,689.0
444,-0.292565120311423,-0.04176783110771159,7.018093221304,165.0,175.0,176.0,690.0
445,0.48831871013536593,-0.3132414490645674,7.192635011598714,183.0,185.0,171.0,691.0
446,0.16763906768303735,-0.4453400035806521,7.092389978577973,230.0,247.0,231.0,692.0
447,0.5957221651928655,-0.15705594413372423,7.217762609683275,58.0,63.0,66.0,694.0
448,-0.9106453772858638,0.9203366567639656,7.285588798011439,151.0,132.0,100.0,695.0
449,-0.4399732189744291,-0.2752733840975933,7.168640110896897,89.0,82.0,90.0,696.0
450,-0.14752751660535154,1.0537928497855897,6.310312743398163,27.0,45.0,91.0,698.0
451,-0.2594541989869868,-0.10538799291545724,7.017946825238074,166.0,176.0,175.0,701.0
452,-0.14531758538393416,1.345452680835669,6.2339575865731724,17.0,28.0,46.0,702.0
453,-0.21367620496692444,0.9939755444060778,7.2534968359989636,70.0,91.0,96.0,703.0
454,0.06105810597824639,-0.5038048150825335,7.136786753944954,226.0,243.0,235.0,704.0
455,-0.5741394495332928,1.5901391597272203,6.108379198952011,86.0,104.0,126.0,707.0
456,-0.04447056400360023,0.996818340014019,7.5403631037234495,45.0,56.0,48.0,710.0
457,-0.7362492256036417,0.5714271127160593,7.992655520029654,105.0,88.0,98.0,711.0
458,-0.7618200120588906,1.442511598807613,6.16558138687837,119.0,98.0,103.0,713.0
459,-0.9332275267475532,0.9169793918304924,7.284740778659878,153.0,131.0,94.0,714.0
460,0.23330349782686385,0.007341185167467044,6.97514829060275,157.0,182.0,176.0,717.0
461,-0.1670459779531883,-0.28688168411937115,7.022812544252811,98.0,98.0,90.0,718.0
462,-0.030531012326671325,1.4025440397227922,6.341980065672443,8.0,7.0,12.0,720.0
463,0.14690037055799499,0.160741842075333,6.984756967087378,129.0,147.0,151.0,722.0
464,-0.9336226757190085,-0.3338834380375938,8.002260056089971,67.0,65.0,70.0,723.0
465,-0.20067415530962576,1.1364067074361657,6.254155268849308,55.0,79.0,123.0,724.0
466,0.46236988906179916,0.30727649607709373,7.204835981830742,38.0,47.0,76.0,728.0
467,-0.19396421033809141,-0.38089520207719524,7.077370779866467,208.0,201.0,191.0,729.0
468,8.603462478844256e-05,0.1933705471910831,6.970975439374376,108.0,126.0,110.0,730.0
469,-0.010746941671161475,-0.22179212419775585,6.969356595571943,67.0,75.0,77.0,731.0
470,-0.25593845624246103,-0.017718241021055424,7.003296748531957,143.0,156.0,147.0,732.0
471,0.600251023969014,-0.7631531047152152,7.524825042018332,81.0,71.0,79.0,734.0
472,-0.1670459779531883,-0.28688168411937115,7.022812544252811,98.0,98.0,90.0,737.0
473,-1.6167544946767867,1.6242576469547885,6.419365859239049,148.0,158.0,150.0,738.0
474,-0.38507565812067407,-0.21494699262837053,7.104163100881788,173.0,151.0,137.0,739.0
475,-1.0202187998995838,1.3837219679039834,6.368161490461631,67.0,65.0,89.0,740.0
476,-0.44906038781687757,1.6881145602179737,6.059837203562809,86.0,78.0,101.0,741.0
477,0.49169990676360176,-0.08265361993509251,7.085572461248371,72.0,86.0,87.0,742.0
478,-0.33611086990597283,-0.17227573889740275,7.052190934677749,176.0,184.0,169.0,743.0
479,0.04087021058344462,-0.5170381203060053,7.165949114632612,224.0,235.0,227.0,744.0
480,-0.1172918349656027,1.4877543572094873,5.935548570611485,163.0,151.0,165.0,748.0
481,-0.27984713127564653,1.437844882007243,6.232994389427213,87.0,85.0,98.0,749.0
482,-0.10056065588642599,-0.45593392196863236,7.117231188246424,110.0,105.0,111.0,753.0
483,-0.18712132657714678,0.46905600668251546,7.197406524635727,98.0,110.0,98.0,754.0
484,-0.4670772153895872,0.21399292675377038,7.194040489568129,91.0,106.0,113.0,755.0
485,-0.9009229709579061,1.2670980171825006,6.614235060588678,182.0,183.0,175.0,756.0
486,-1.4528275739148455,1.399716082146166,6.322174799760916,95.0,102.0,121.0,757.0
487,0.4904050926370499,-0.15424566112944277,7.087413525061152,171.0,177.0,167.0,758.0
488,-0.43148218209326833,-0.1223024642314255,7.105913005043609,177.0,189.0,185.0,759.0
489,-1.098496873773735,1.2691130177782772,6.609481611761334,49.0,57.0,59.0,761.0
490,-0.8569449080239551,1.239018926275819,6.660684880879699,177.0,182.0,159.0,762.0
491,-0.2767502361471329,1.4049880680067073,6.2554831770237,13.0,19.0,33.0,763.0
492,-0.39496548839231194,0.2128119704419035,7.122103585266091,149.0,164.0,159.0,765.0
493,-0.2879084908430677,1.4636850876483567,6.00358071279302,102.0,87.0,110.0,766.0
494,-0.0037260395684500427,-0.049538731827552696,6.968100159719292,62.0,76.0,76.0,770.0
495,-1.1823977211749395,1.4681469084138765,6.278844427280564,63.0,75.0,99.0,771.0
496,-0.023206731854880442,-0.45084273467028974,7.087619378282477,225.0,242.0,234.0,772.0
497,-0.9210944821505052,1.4293917010264918,6.204096407104198,119.0,105.0,128.0,776.0
498,-1.1988908227520463,1.3695939605408367,6.495057212304043,61.0,58.0,79.0,777.0
499,0.14886146934490613,-0.5361703587756554,7.1978775241247765,223.0,240.0,224.0,779.0
500,-0.8860707951517736,-0.7065538654663674,7.970111201190763,107.0,97.0,105.0,782.0
501,0.22755857126231407,1.3689658365543205,6.60660175892718,197.0,213.0,210.0,783.0
502,-0.030523359262265255,1.4027281621909704,6.3419699050621565,8.0,7.0,12.0,784.0
503,-0.1162183532202178,1.4963578763429333,5.92146299863602,87.0,69.0,121.0,786.0
504,-0.7092108934506444,1.28288894182543,6.745481751299136,16.0,21.0,25.0,788.0
505,-0.9598583905942427,1.184742968630153,6.989460217342625,227.0,240.0,231.0,789.0
506,-0.7695407161315578,0.564409144146678,7.993576535293525,70.0,59.0,73.0,790.0
507,-1.1077827043139863,1.4181935120606846,6.256158502715106,122.0,108.0,131.0,792.0
508,0.26895362793658223,-0.25878056852244685,7.006245383743788,205.0,217.0,193.0,794.0
509,-0.07499705898884793,-0.5035096777462619,7.149283427432415,209.0,229.0,220.0,795.0
510,0.4144022910467563,0.0176747358058324,7.03966415710885,81.0,95.0,108.0,796.0
511,0.06903180880334037,-0.14060823256693686,6.9512994592750195,108.0,108.0,98.0,797.0
512,-0.5862877995470414,1.4426071294291405,6.125621007409176,156.0,163.0,171.0,799.0
513,0.19068647546018108,0.3803702980023587,7.09594160532584,88.0,89.0,83.0,800.0
514,0.2540868081073633,0.7525662467347266,7.441399559309889,78.0,88.0,89.0,801.0
515,-0.004239769454796256,-0.1575310983471815,6.956071785241627,62.0,62.0,52.0,802.0
516,-0.11307734400271635,0.3126065392039523,7.048518916018347,113.0,113.0,103.0,803.0
517,0.2124112488374292,0.4875740426859608,7.213566490496401,62.0,59.0,78.0,804.0
518,-0.3241556187555038,0.35364049697842515,7.153385507888658,125.0,136.0,119.0,805.0
519,-1.103626403729677,1.2468463528740326,6.626325546720661,41.0,55.0,58.0,807.0
520,-1.8049667992397829,1.7662609442790211,5.505403411718464,152.0,210.0,255.0,812.0
521,-0.8256053794995217,1.236031726496542,6.673603050535448,174.0,178.0,155.0,813.0
522,0.2838093227627631,0.028757302875864466,6.976376360584763,127.0,145.0,149.0,814.0
523,-0.02219541486473187,1.6300479921487507,5.957869202352714,110.0,144.0,172.0,819.0
524,-0.7914886809540851,1.309457950205942,6.65490285364118,29.0,31.0,28.0,821.0
525,-1.5759095996280632,1.4716753907263165,6.421318970819093,55.0,58.0,93.0,822.0
526,0.6708577771510696,1.3155769003219713,7.604161720496247,131.0,132.0,118.0,825.0
527,0.27298770065125205,-0.07001506505254185,6.988966230423,152.0,165.0,155.0,827.0
528,0.40970966485358273,0.30416892371674653,7.155679133517906,94.0,115.0,146.0,828.0
529,-0.8804424790109989,1.4733143300061284,6.172086231170552,82.0,77.0,135.0,829.0
530,-0.2207841649414085,0.14601886726508181,7.022226112355245,103.0,120.0,112.0,830.0
531,0.6625274329577341,0.7486390441602716,7.598230525308473,88.0,68.0,79.0,831.0
532,-0.08800150289155194,1.3558487803625352,6.3296394007811205,16.0,21.0,40.0,832.0
533,-0.879958092531377,1.2565129378115043,6.6382044924225365,41.0,49.0,52.0,834.0
534,-0.11763867748806156,0.7431815151056416,7.561080495937612,74.0,76.0,71.0,835.0
535,0.276429462818883,-0.3959094805936722,7.084735707250565,236.0,244.0,233.0,840.0
536,-0.5433287170161157,1.6874930949320792,6.083344347802078,70.0,64.0,112.0,841.0
537,-0.7307568999673102,1.2388685566794568,6.751875991878319,167.0,171.0,156.0,842.0
538,-0.7664235600649473,1.2271869993139093,6.7248809029925765,120.0,123.0,114.0,843.0
539,0.4956601889336127,0.31775909761599075,7.226049258551159,43.0,44.0,74.0,844.0
540,0.484690397357571,-0.7343390708702963,7.5646055169199276,125.0,111.0,110.0,846.0
541,-1.1116402690110372,1.23889315226496,6.608012999752023,173.0,186.0,177.0,847.0
542,-0.0667596717455489,1.2505100967935088,6.29525673461826,164.0,191.0,198.0,850.0
543,0.5406527266588065,-0.13706159985699154,7.111759773128548,148.0,142.0,118.0,852.0
544,-0.7839186954499565,0.8624369744845672,7.296029985242602,63.0,70.0,62.0,854.0
545,-0.2742848588762227,-0.18006476264313076,7.012471770214964,165.0,154.0,148.0,855.0
546,-0.2685564911195245,0.44478719217925616,7.203109022752507,112.0,122.0,111.0,857.0
547,-0.12140465774158196,-0.5165087392310234,7.181144615816934,138.0,149.0,135.0,859.0
548,-1.1546090645222788,1.3389553567672956,6.494795580311433,72.0,76.0,77.0,860.0
549,-1.0654065794036507,0.8674915548843569,7.350688841285006,206.0,187.0,154.0,863.0
550,0.054661800770350766,1.4220463036400977,6.412206996707184,34.0,34.0,42.0,864.0
551,-0.3919816712673251,0.016019438375744897,7.073317305813726,130.0,128.0,116.0,865.0
552,0.5890778916847087,-0.0020886256163216107,7.1861049218632935,134.0,149.0,152.0,867.0
553,-0.7411595312192735,1.2475476583768503,6.731722067552583,175.0,186.0,172.0,868.0
554,0.006898456642710749,-0.19197280977735307,6.9574816183221815,188.0,191.0,184.0,870.0
555,0.38265162817105286,0.35165792224833387,7.169690958814007,85.0,115.0,141.0,871.0
556,0.4953063002367924,-0.7069170453090399,7.555503531035387,113.0,87.0,86.0,873.0
557,-0.2747863889448551,0.3263821724075053,7.125119140348713,74.0,89.0,82.0,874.0
558,0.725836247422458,-0.25846823887167386,7.50160961128678,84.0,74.0,73.0,875.0
559,-0.6059828291428999,1.4560293742316377,6.08564520927625,141.0,140.0,180.0,876.0
560,0.0452822179589667,0.27205526058350515,7.017489325988793,55.0,75.0,74.0,877.0
561,0.31454932380315276,-0.3461062357863901,7.071824325590384,184.0,205.0,198.0,879.0
562,-0.1392894267989504,-0.5319261052016369,7.2114393207151615,218.0,235.0,225.0,881.0
563,-0.5866063234012695,1.4899849163871202,6.072900218451136,71.0,69.0,108.0,882.0
564,0.24426342988441052,0.9979677435677515,7.72746229117748,73.0,68.0,74.0,883.0
565,0.5253293665140454,-0.10648156894462173,7.118133552821034,129.0,137.0,124.0,884.0
566,0.507903357812117,0.17287309261453312,7.1292910170546575,124.0,144.0,171.0,887.0
567,-0.7971649034899395,1.6878208728085276,6.175421651910133,56.0,50.0,110.0,888.0
568,0.43754121874094787,0.05349568004117654,7.0665418060112035,153.0,172.0,168.0,889.0
569,-0.12247071090031586,1.0534741891337174,6.315006619012571,36.0,44.0,65.0,890.0
570,0.18813589479821644,0.36255145279851786,7.078319403450124,39.0,55.0,71.0,891.0
571,-0.4425548730553349,1.444723365988409,6.136566795876499,127.0,123.0,146.0,892.0
572,-1.1489178397722142,1.4183058566622577,6.242334424378193,159.0,154.0,176.0,894.0
573,0.23889553762611423,-0.3903170043564765,7.068022149918509,221.0,225.0,210.0,898.0
574,-0.7302693911748235,0.5396502521265544,7.975625120671535,71.0,66.0,88.0,901.0
575,0.15277459588564893,-0.45569088076935294,7.097264436585251,193.0,216.0,210.0,902.0
576,0.5957221651928655,-0.15705594413372423,7.217762609683275,58.0,63.0,66.0,905.0
577,0.2506662065017306,0.1548992929995279,6.99870618289949,116.0,147.0,152.0,906.0
578,-0.0619506237026055,-0.37349734626273845,7.035984552382461,194.0,213.0,207.0,907.0
579,0.017403369149659554,1.4288857708079834,6.338238370810171,106.0,110.0,119.0,909.0
580,0.03547452769256552,-0.12379844732412515,6.95610868790176,122.0,108.0,95.0,910.0
581,-0.04694171573357663,1.1874921386256996,6.314028851496713,37.0,43.0,65.0,912.0
582,-0.547258947904492,-0.11717735167697506,7.22601781490151,83.0,81.0,95.0,913.0
583,-1.6203249640788628,1.4827168702311029,6.425401088051637,106.0,131.0,161.0,914.0
584,-0.4036035573551969,-0.12286700115958099,7.073124155029125,163.0,177.0,162.0,915.0
585,-1.6112854764120828,1.5671396812622973,6.4266152803971615,70.0,96.0,121.0,917.0
586,-0.7168066483346325,-0.5320686958051581,7.936445866194406,77.0,72.0,78.0,918.0
587,0.2328424051382398,0.42304651888714956,7.159713249443882,43.0,57.0,70.0,919.0
588,-0.35274559036614245,0.07493799499906881,7.07018472372454,109.0,97.0,83.0,922.0
589,-0.3487501009300895,0.19076395605024252,7.096566547945634,55.0,64.0,73.0,923.0
590,0.04192659882828338,-0.2836710571192666,6.999055875067668,176.0,193.0,175.0,924.0
591,-0.07217509157685563,1.1499799345282309,6.30398215502788,157.0,182.0,187.0,926.0
592,-1.0850067717170773,1.3993377411445762,6.3652044801780425,166.0,166.0,176.0,928.0
593,0.1798391201631895,1.4101095486354953,6.5498423538692805,73.0,74.0,78.0,930.0
594,-0.3019776400508243,1.5409529909489652,6.008855427118905,101.0,125.0,161.0,931.0
595,0.6593351448054041,-0.5698797789977306,7.524440619068634,119.0,107.0,111.0,932.0
596,-1.839732724839787,1.7785523541971688,5.518752478581293,195.0,226.0,254.0,934.0
597,-0.10965197581888263,1.6203269448451059,5.976246286194112,113.0,148.0,178.0,935.0
598,-0.23097566109923218,1.448414222504488,6.162999102595882,139.0,121.0,133.0,936.0
599,-0.233823874779393,0.9850555843583285,7.264627269356321,72.0,92.0,103.0,939.0
600,-0.8765182556210142,1.3120167570148173,6.617110478561936,23.0,23.0,21.0,942.0
601,-1.0313116700483898,1.3986287374483508,6.3606533902175455,167.0,164.0,183.0,944.0
602,-0.7103696715246711,1.214737286233067,6.824003590645137,160.0,166.0,154.0,945.0
603,0.09960835653639963,0.2751446105268234,7.006273683832239,127.0,149.0,147.0,948.0
604,-0.5982103423698838,1.470775568642497,6.072884671894824,53.0,51.0,91.0,951.0
605,0.47139382858662104,0.034190757380743855,7.096872268247601,55.0,69.0,70.0,955.0
606,0.3801611696077138,0.06926454684920154,7.020627229707212,151.0,171.0,172.0,959.0
607,0.2625259616743938,-0.17225025890314088,6.9804424889296905,168.0,180.0,156.0,960.0
608,-0.005653628816070602,0.42695408127293205,7.101364834978926,51.0,42.0,45.0,961.0
609,-1.0373740693743105,1.1980513916882356,6.911780315739028,233.0,245.0,243.0,966.0
610,0.007307112105508209,0.09865350035834457,6.960142841754414,124.0,144.0,135.0,967.0
611,0.6572507779957825,-0.7667376140478216,7.488846400307786,112.0,91.0,86.0,968.0
612,-0.43300951584248254,0.14187530955729963,7.130277407605073,78.0,84.0,80.0,969.0
613,-0.8716393370932934,0.26248012849587365,8.012765724008641,80.0,78.0,83.0,970.0
614,-0.16782512098789548,-0.32166354810340914,7.031219346161807,86.0,97.0,99.0,971.0
615,-0.13796463410917112,-0.11787358168410786,6.9638239629165275,161.0,174.0,167.0,973.0
616,0.183556184385301,1.4308078926256516,6.431199396478371,153.0,127.0,140.0,974.0
617,-0.15801471609823406,0.45015140180750546,7.15813456892916,97.0,103.0,91.0,976.0
618,-0.012889322230934653,1.6119573767281183,5.910374614291278,115.0,135.0,159.0,977.0
619,0.43985739526148865,-0.20403966718435515,7.080705011714892,154.0,170.0,157.0,979.0
620,-0.9907432793145874,1.656435223614655,6.233167514876405,91.0,88.0,135.0,980.0
621,-0.17614137281446995,-0.19933222932612946,7.000306766622695,174.0,164.0,165.0,981.0
622,-0.14923288775932667,-0.2057496134474232,6.983735109758282,191.0,191.0,181.0,987.0
623,-1.4528275739148455,1.399716082146166,6.322174799760916,95.0,102.0,121.0,988.0
624,-0.2207841649414085,0.14601886726508181,7.022226112355245,103.0,120.0,112.0,989.0
625,0.21605451855109672,-0.48626307195298274,7.151557334309523,153.0,172.0,170.0,994.0
626,0.22403620037527328,0.3408870511590465,7.083430744479001,114.0,141.0,150.0,996.0
627,-0.19088805083038396,-0.4186966978529818,7.105834704886574,211.0,185.0,170.0,997.0
628,-0.582547309988441,1.4641846389270654,6.0725394619146185,133.0,128.0,168.0,998.0
629,-0.15682718199601997,0.21252670631658818,7.01600671254423,118.0,128.0,130.0,999.0
630,0.1724603350350176,-0.5475033369683433,7.209238413684491,165.0,177.0,175.0,1000.0
631,-0.40951078963710386,0.1459448451348293,7.108436363923695,74.0,77.0,66.0,1002.0
632,-0.0992788916034979,-0.5106260849147621,7.16251849412181,230.0,247.0,237.0,1004.0
633,0.7550723915649331,-0.008684957183987872,7.508769073010674,93.0,80.0,87.0,1006.0
634,-0.1650104564074684,-0.5301146516989006,7.222943378713686,223.0,235.0,221.0,1007.0
635,-1.0585224313074555,1.384946483758014,6.390158525400545,65.0,54.0,62.0,1008.0
636,0.009692678193364916,0.4852152116378512,7.1398643927517265,69.0,59.0,58.0,1009.0
637,-0.5366316641196575,-0.13276613388150404,7.203385908417316,169.0,151.0,149.0,1013.0
638,-0.26752572552778964,1.3566562766679258,6.207258305368759,22.0,27.0,56.0,1014.0
639,-0.48524721341207155,1.4060900717819098,6.382177540287155,102.0,96.0,122.0,1018.0
640,0.08334059833994084,-0.1806533237503859,6.94995100669592,171.0,179.0,166.0,1022.0
641,-0.219256217949898,0.18343819221974955,7.02229536035919,145.0,168.0,162.0,1024.0
642,-0.0178970293156191,0.05511290838501525,6.958635689969181,132.0,149.0,133.0,1025.0
643,-0.3110033949415077,-0.7820130622942447,7.7996253348023,104.0,98.0,100.0,1026.0
644,-0.7430891522628804,1.586360351191913,6.167094370350779,117.0,124.0,153.0,1028.0
645,-0.6273338551522833,-0.5987023701268602,7.887749525222082,121.0,110.0,116.0,1032.0
646,-0.0813050672986355,0.031991428016399384,6.948560910133103,125.0,142.0,134.0,1035.0
647,-0.24119507115906844,1.0574626438911323,6.31667178520249,135.0,160.0,182.0,1038.0
648,-0.7744163138878907,0.9218868893752366,7.322133752285633,76.0,78.0,73.0,1039.0
649,0.5959177944131477,-0.594271646152518,7.5380596609311725,121.0,105.0,105.0,1042.0
650,0.5988476532095502,-0.574084653248306,7.525517463010657,86.0,76.0,77.0,1043.0
651,0.6543915840468715,-0.58244414558662,7.517600196764155,104.0,92.0,102.0,1044.0
652,-1.1678100796126605,1.1851594333082733,6.967736760710026,137.0,167.0,203.0,1048.0
653,-0.2693263930707986,1.194878138294998,6.239658968361585,107.0,137.0,187.0,1050.0
654,0.16575316833525675,1.4170554150812442,6.518869762592609,142.0,156.0,159.0,1052.0
655,-0.30451945524898305,-0.22068063101731272,7.046200840590156,180.0,168.0,156.0,1053.0
656,-0.547258947904492,-0.11717735167697506,7.22601781490151,83.0,81.0,95.0,1054.0
657,0.6444148649335073,-0.7074455735022344,7.5110447494335695,114.0,109.0,113.0,1058.0
658,-0.8534038544910764,-0.7314842108322943,7.96735874492974,63.0,60.0,67.0,1062.0
659,-0.013059856415044218,0.40571763489436674,7.080592896076462,48.0,48.0,38.0,1066.0
660,0.03076811907502052,1.298426912354747,6.295842618903085,54.0,83.0,127.0,1069.0
661,-0.8842805912989845,1.2828130756110903,6.620534532204177,93.0,98.0,94.0,1072.0
662,-0.557878256787921,1.4506340574140988,6.09375256144259,132.0,122.0,156.0,1073.0
663,-0.160911040749258,-0.5146818360243872,7.1863880337168675,126.0,146.0,145.0,1075.0
664,-0.7545367860944766,0.5190315972457871,8.014054401644849,99.0,88.0,102.0,1076.0
665,0.19041950947103845,-0.7915143582274002,7.634448829617335,125.0,106.0,108.0,1078.0
666,0.42238830698628416,-0.3945737562302508,7.162338263260753,192.0,208.0,198.0,1080.0
667,-0.3971212419025651,-0.17353070475687163,7.087364618326883,173.0,166.0,158.0,1081.0
668,0.14902276306500625,1.4142209879451424,6.504514055064975,152.0,171.0,178.0,1083.0
669,-0.03384593242094084,0.4228294010468111,7.080946644497692,92.0,76.0,76.0,1086.0
670,-0.5741394495332928,1.5901391597272203,6.108379198952011,86.0,104.0,126.0,1090.0
671,-0.12540571903079675,0.7208653117922856,7.60643550793185,58.0,66.0,68.0,1091.0
672,-1.6283496794197574,1.555717046566007,6.432989414067199,131.0,162.0,182.0,1092.0
673,0.018551281676768682,-0.094777546659642,6.938783835443321,144.0,137.0,118.0,1093.0
674,-1.178973449953728,1.3806854701336517,6.4667644705069875,161.0,178.0,188.0,1094.0
675,0.4974634911010831,-0.0957174018672662,7.087464499174338,141.0,155.0,140.0,1096.0
676,0.08317298465500594,0.06805400547481737,6.954049197438089,107.0,128.0,113.0,1097.0
677,0.2524426419805825,-0.012616230187571064,6.960188271928862,179.0,197.0,185.0,1098.0
678,-1.0652423516833989,1.2555801601156082,6.607680773077579,95.0,97.0,92.0,1099.0
679,-1.633113359648729,1.3679036225299797,6.401799587178139,141.0,150.0,147.0,1100.0
680,-1.0169311256287483,1.6515332129085665,6.238341445130626,91.0,86.0,108.0,1101.0
681,-0.27076444775438907,-0.4956085055895958,7.237717344420012,129.0,129.0,127.0,1103.0
682,-0.8234617527413455,-0.7116881904583136,7.9440073451335165,108.0,102.0,102.0,1104.0
683,0.13098231462423848,0.014978698402999462,6.944133901759945,127.0,140.0,131.0,1106.0
684,0.265389987635087,1.4460726418663505,6.456477803562614,45.0,37.0,58.0,1107.0
685,-0.49242019082456523,0.21995761469737848,7.219390762200414,93.0,106.0,112.0,1108.0
686,-0.7914886809540851,1.309457950205942,6.65490285364118,29.0,31.0,28.0,1113.0
687,0.05992730715187816,1.4375307936159494,6.348740857240897,91.0,78.0,95.0,1114.0
688,-0.8187418749747555,1.3967248371193166,6.328640782713437,65.0,64.0,72.0,1116.0
689,-0.6746238338691201,-0.6611572860326658,7.888499153650294,87.0,77.0,78.0,1117.0
690,0.4937518674485174,-0.12857762502176584,7.085044894930663,165.0,177.0,153.0,1119.0
691,-1.030545857294275,1.255082966780637,6.613605849332614,182.0,189.0,182.0,1120.0
692,-0.23298141495162672,1.4398540886295448,6.203930972972897,79.0,71.0,86.0,1121.0
693,-0.20334348447110195,1.473918980021906,5.979663249613407,109.0,102.0,118.0,1122.0
694,0.42238830698628416,-0.3945737562302508,7.162338263260753,192.0,208.0,198.0,1123.0
695,0.006279193987555938,1.3690298855967524,6.386959229167491,29.0,39.0,66.0,1124.0
696,-0.8366922108447906,1.487250288668237,6.172611074216229,78.0,81.0,136.0,1125.0
697,-0.036406474106953975,0.25888237426306887,7.006183765693806,68.0,92.0,94.0,1126.0
698,-0.700326842851347,1.5370088883614725,6.150405126258129,74.0,86.0,86.0,1127.0
699,0.4469144398127227,-0.37194699605534365,7.180572219465765,211.0,219.0,206.0,1129.0
700,-0.25228003806937754,1.4228715824036096,6.219991506094296,36.0,36.0,34.0,1130.0
701,0.15850649142054857,-0.35115906196947944,7.010745360616379,211.0,231.0,220.0,1132.0
702,-1.103626403729677,1.2468463528740326,6.626325546720661,41.0,55.0,58.0,1133.0
703,0.0987175481808971,-0.4826814956104823,7.109548569552851,226.0,239.0,229.0,1134.0
704,-0.7592832601835099,-0.5078210595725926,7.928353421701124,118.0,106.0,118.0,1135.0
705,0.21450216975443462,1.4158685654500627,6.548753012683885,146.0,152.0,166.0,1136.0
706,-0.5439351865636239,-0.7251578445474104,7.847345161536891,119.0,104.0,107.0,1140.0
707,-0.13344219275291547,0.2515094469382419,7.030421009449581,121.0,141.0,140.0,1142.0
708,-0.412981280730282,-0.24990561952934046,7.136348775054489,194.0,181.0,165.0,1143.0
709,-0.7307568999673102,1.2388685566794568,6.751875991878319,167.0,171.0,156.0,1144.0
710,0.11303871588158046,0.0337668780547431,6.9404717909847315,128.0,149.0,144.0,1145.0
711,0.09309841162353555,0.17299057431964368,6.98004212750398,111.0,137.0,134.0,1146.0
712,-0.20963330978570285,1.0097235179752895,7.243491095286283,84.0,99.0,96.0,1150.0
713,-0.6829043401345096,1.4561540463617901,6.121634955029645,189.0,182.0,189.0,1151.0
714,0.43136354574464825,1.3065530804194971,7.679649760361506,60.0,56.0,73.0,1154.0
715,-0.10010760174119122,-0.20316713763024488,6.973873126858856,112.0,117.0,97.0,1156.0
716,-0.04732057084133977,0.3846900483911222,7.070586657049127,76.0,60.0,63.0,1157.0
717,0.21605451855109672,-0.48626307195298274,7.151557334309523,153.0,172.0,170.0,1159.0
718,0.038295870384284385,-0.2975744631935744,6.9860242029745745,207.0,218.0,210.0,1160.0
719,-0.4087595039759822,0.34965822110587447,7.247513786237588,118.0,139.0,140.0,1161.0
720,-0.3783837384128347,-0.23270619370283424,7.09405360506616,177.0,147.0,139.0,1162.0
721,-0.1710265238370324,0.44340636134978406,7.175438952891915,66.0,83.0,77.0,1165.0
722,-0.12541140531353262,0.8734284217744477,7.642788668405511,24.0,35.0,29.0,1166.0
723,-0.05693108543119851,1.6278533125949044,5.967253783210451,118.0,151.0,186.0,1167.0
724,-0.514474201134178,0.049493393920128415,7.1785089321522575,63.0,55.0,78.0,1168.0
725,0.23794865129171325,-0.366682075003932,7.053502396200548,212.0,230.0,218.0,1170.0
726,0.590709716428586,0.08846327347362315,7.210904729722225,122.0,132.0,144.0,1171.0
727,0.3848261035223394,-0.4379701237697935,7.175761361034573,218.0,235.0,219.0,1172.0
728,-0.22879705534347808,1.0270579497895445,6.308602172704628,46.0,49.0,90.0,1173.0
729,-0.16912030673171252,1.474983282206255,6.012217323361362,123.0,124.0,142.0,1175.0
730,-0.17198436252088606,0.734545446105421,7.616589005302489,60.0,62.0,59.0,1176.0
731,0.5737941845402594,1.04966510749289,7.621856561867513,89.0,78.0,86.0,1177.0
732,-0.8102783285004427,0.8454530880319365,7.308163622138754,82.0,87.0,80.0,1178.0
733,0.07117349696076453,-0.5454406517720046,7.179330895506909,231.0,245.0,228.0,1179.0
734,-0.866484200189309,-0.13888809019099205,7.992211531387645,112.0,108.0,109.0,1180.0
735,-1.4255207155763114,1.4308584170131535,6.33482152175987,19.0,34.0,73.0,1183.0
736,-0.15747710654643537,0.3772976057764769,7.106933130560661,50.0,59.0,56.0,1184.0
737,-0.5591216799169708,1.6161412978351615,6.082895514940154,42.0,63.0,90.0,1185.0
738,-1.2260197839706741,1.3496616017545502,6.532714868449741,150.0,156.0,156.0,1189.0
739,-0.22324097271095394,1.0642164239932697,6.309267704692998,207.0,236.0,254.0,1190.0
740,-0.036406474106953975,0.25888237426306887,7.006183765693806,68.0,92.0,94.0,1191.0
741,0.17860162918143996,0.1816802190760059,6.9912104374023905,117.0,145.0,149.0,1192.0
742,-0.7067871335673904,1.438119846004266,6.169037492502186,143.0,136.0,154.0,1193.0
743,-1.5900811637121892,1.4044342002590788,6.37079586710999,80.0,105.0,127.0,1194.0
744,-0.2849559865296946,1.358869239658705,6.22828000007707,24.0,28.0,55.0,1195.0
745,-0.7666820371392747,0.8404515792740772,7.291255417404875,153.0,152.0,132.0,1196.0
746,0.3815040536366536,-0.6471247311871816,7.5969400163250596,88.0,78.0,89.0,1202.0
747,-0.02419525430779072,-0.5072232706461319,7.1428693963633885,227.0,243.0,233.0,1204.0
748,-0.14932430541598632,0.45681933280631226,7.1612000420264526,50.0,61.0,55.0,1205.0
749,-0.14923288775932667,-0.2057496134474232,6.983735109758282,191.0,191.0,181.0,1207.0
750,-0.1746324731985662,0.11784214169512565,6.989520383292578,153.0,171.0,171.0,1210.0
751,0.15809723297805015,-0.568023186242204,7.227366803987696,154.0,165.0,151.0,1211.0
752,0.5001596544946181,0.2085106343413314,7.144292210690853,121.0,153.0,176.0,1214.0
753,-0.36103766579228697,-0.363211507230122,7.166070004739166,210.0,200.0,190.0,1215.0
754,0.3029381010093198,-0.4883862421534396,7.188492469436831,203.0,220.0,202.0,1216.0
755,-0.2572989907310484,1.7071932757844748,6.0076606413521505,78.0,81.0,116.0,1217.0
756,-0.6298946633581786,1.4187145080525867,6.280679951739817,152.0,167.0,188.0,1218.0
757,-1.6283496794197574,1.555717046566007,6.432989414067199,131.0,162.0,182.0,1220.0
758,-0.4185917373070854,0.021787792861993026,7.087991253724719,117.0,113.0,110.0,1222.0
759,0.08235902680235077,1.3975096769575148,6.469881499030048,148.0,155.0,148.0,1223.0
760,-0.3952329323034782,-0.7110875684999917,7.831505747267594,81.0,82.0,87.0,1224.0
761,-0.6607007775486642,1.3918831272532706,6.3107863209278525,51.0,52.0,56.0,1228.0
762,0.6039407813705624,1.2514220355674905,7.594108758144034,102.0,103.0,98.0,1229.0
763,0.4953063002367924,-0.7069170453090399,7.555503531035387,113.0,87.0,86.0,1231.0
764,-0.4204264587810337,0.8055142165254889,7.904789040523497,83.0,71.0,73.0,1232.0
765,-0.9864938899847314,1.1951907375117279,6.909194377202014,230.0,242.0,238.0,1233.0
766,0.014774934596239684,-0.4323231687985131,7.054574729249378,202.0,213.0,205.0,1237.0
767,0.2911262279277439,1.2869372634318719,7.100688109098333,187.0,204.0,194.0,1240.0
768,-0.6607007775486642,1.3918831272532706,6.3107863209278525,51.0,52.0,56.0,1242.0
769,0.16186348772329776,-0.8108362792158349,7.655650653891286,120.0,104.0,107.0,1243.0
770,0.24099168407157903,1.6123879211940673,6.1851725447420005,191.0,195.0,204.0,1245.0
771,-0.2568250863016071,1.331044743742783,6.202670791807954,25.0,28.0,47.0,1247.0
772,-0.6533501792557556,1.4543603511551868,6.097342112572667,174.0,189.0,196.0,1250.0
773,-0.425501007480576,0.7443997707724856,7.858725061960584,93.0,74.0,80.0,1251.0
774,-1.565488905110764,1.356924508809244,6.524721315410475,142.0,144.0,143.0,1253.0
775,0.09799199270037617,-0.5905717035889302,7.271971238932563,176.0,176.0,168.0,1254.0
776,-0.417565977424241,0.16655806450609373,7.119158302715346,135.0,150.0,155.0,1255.0
777,0.4119736940858369,-0.6627974433299776,7.582729069733687,118.0,112.0,114.0,1259.0
778,-0.8296602991320084,1.2600054517871655,6.6585692465752375,37.0,38.0,59.0,1262.0
779,-0.7945376684572775,-0.6953376706234297,7.956580430776788,75.0,70.0,74.0,1263.0
780,-0.6880693989772542,1.2201338604992915,6.858772365395839,72.0,90.0,102.0,1264.0
781,-0.1539311468979848,-0.11327198746018056,6.975095780146394,87.0,88.0,90.0,1265.0
782,0.03711424928195795,1.350737359788736,6.362899595805633,58.0,63.0,92.0,1267.0
783,0.2375318358139205,0.4444991542348024,7.166951832106984,31.0,37.0,49.0,1268.0
784,-0.35546153782652884,0.34888620805975545,7.20158451087658,82.0,100.0,104.0,1271.0
785,-1.055795310764102,1.3941107459677944,6.355735841091431,159.0,171.0,185.0,1272.0
786,0.7940392772141621,-0.7482339687435858,7.4669927652935035,135.0,138.0,117.0,1274.0
787,-0.21002461807990327,1.151212422938837,6.243620820890021,60.0,96.0,132.0,1279.0
788,-0.17448132862013307,1.0245954970819127,6.294270644409549,110.0,148.0,195.0,1281.0
789,-0.7939026759491946,1.3817234424162967,6.538645577785532,141.0,128.0,146.0,1287.0
790,-0.7545367860944766,0.5190315972457871,8.014054401644849,99.0,88.0,102.0,1289.0
791,0.30134425627140715,-0.5115688440745949,7.223897837279867,216.0,227.0,210.0,1290.0
792,0.7500773236575337,-0.4616552628072342,7.482090473320453,103.0,94.0,97.0,1291.0
793,0.6511974373986178,-0.4487599063557252,7.522936924677593,111.0,94.0,102.0,1292.0
794,-0.013059856415044218,0.40571763489436674,7.080592896076462,48.0,48.0,38.0,1294.0
795,0.39046815947325497,-0.1714028807075438,7.045438518423542,183.0,199.0,186.0,1295.0
796,-0.5099061315914125,0.2104971037903885,7.229057807966606,147.0,165.0,177.0,1296.0
797,0.24152594673869332,-0.023949677754532078,6.950292231666286,135.0,156.0,147.0,1297.0
798,0.3258284990790247,-0.7489130516663115,7.622616533715554,97.0,81.0,81.0,1300.0
799,-0.3344207707145703,1.4196674716448978,6.223496068726265,47.0,46.0,42.0,1301.0
800,-0.12156489663695429,1.0347202919320149,6.3222512960489405,22.0,43.0,90.0,1303.0
801,-0.743409692911502,1.5768640878042408,6.173679471490814,136.0,170.0,197.0,1305.0
802,0.40887850109582313,-0.24353646455192976,7.074176565911594,173.0,189.0,178.0,1309.0
803,0.5957221651928655,-0.15705594413372423,7.217762609683275,58.0,63.0,66.0,1313.0
804,-0.11752569379081218,1.2947054879520175,6.262380070318034,62.0,87.0,127.0,1315.0
805,-0.8112062402799185,-0.6729038900833139,7.944632998465519,96.0,95.0,91.0,1316.0
806,-0.36103766579228697,-0.363211507230122,7.166070004739166,210.0,200.0,190.0,1317.0
807,-0.8384147501264975,0.860661743373676,7.3345288333128185,154.0,151.0,136.0,1318.0
808,-0.2787997833161858,1.5474659141049798,6.0181466901568506,103.0,129.0,144.0,1319.0
809,-1.1351175975307222,1.36090443039373,6.478632991619681,110.0,120.0,132.0,1320.0
810,0.5691318745520733,0.03374231823247841,7.184266850121005,150.0,167.0,161.0,1321.0
811,0.22132888043851595,0.37771746379980176,7.1059329993686475,106.0,120.0,120.0,1322.0
812,0.5219179137549207,0.46085031941174487,7.499388505331524,21.0,27.0,43.0,1327.0
813,0.26387128071335664,-0.000417702139959362,6.9804548976426535,146.0,162.0,161.0,1328.0
814,0.18527508904591072,-0.08629797404853054,6.961624773319226,71.0,82.0,86.0,1329.0
815,-0.2647282217339504,0.036314271554691045,6.9966967098371775,111.0,129.0,129.0,1330.0
816,-0.8581785601278388,1.2463229605151251,6.646371662557789,74.0,98.0,98.0,1333.0
817,0.33773144863256443,0.1154260717907286,7.027820077282809,132.0,151.0,155.0,1334.0
818,0.41804176672495474,1.2588230071954327,7.647902859375457,53.0,44.0,47.0,1338.0
819,0.054116426724510364,-0.5575263378002812,7.199552764920756,151.0,163.0,163.0,1339.0
820,-0.7168066483346325,-0.5320686958051581,7.936445866194406,77.0,72.0,78.0,1341.0
821,0.5822429462256001,-0.14154420198803908,7.183172556170293,132.0,125.0,106.0,1342.0
822,-1.0058414854952593,1.2508614668699807,6.615522639013132,140.0,140.0,138.0,1344.0
823,0.9302267307949154,-0.8384529251128752,7.665135878384369,105.0,111.0,101.0,1345.0
824,0.19821474568920372,0.16314090460993436,7.0019548130390685,113.0,133.0,144.0,1348.0
825,-0.5899311939981176,1.40442612642887,6.2705126061557035,43.0,49.0,49.0,1349.0
826,0.6769745381960801,-0.5329624705727118,7.5193564818417835,125.0,106.0,108.0,1352.0
827,-0.40887231769072285,-0.7456445961781135,7.814713238692492,111.0,99.0,103.0,1353.0
828,-0.015763084362423713,0.334014748904732,7.035657023688878,73.0,63.0,62.0,1355.0
829,-0.24148823089136168,1.1669554776984106,6.235292881775597,91.0,122.0,168.0,1359.0
830,-0.7338043599989933,-0.6554416169777969,7.920044801078533,93.0,91.0,92.0,1361.0
831,-0.46816829680735716,0.24815228054382296,7.2171179802101815,148.0,166.0,180.0,1362.0
832,0.6593351448054041,-0.5698797789977306,7.524440619068634,119.0,107.0,111.0,1365.0
833,-0.24178525349000637,1.2761957234244858,6.1957964598932564,70.0,99.0,139.0,1366.0
834,-0.300910162234297,1.23539544096891,6.247988326556255,101.0,138.0,182.0,1367.0
835,0.6287162914970678,-0.7289795373551817,7.508528547449634,105.0,89.0,92.0,1371.0
836,-0.10831424587702468,1.042932935494884,7.150192310417663,150.0,154.0,127.0,1373.0
837,-0.7512014383689853,1.6744627761841957,6.15281349013221,54.0,51.0,96.0,1374.0
838,-0.342503692975682,0.4695683480104044,7.29248870891425,67.0,82.0,89.0,1375.0
839,-0.6064408837097547,1.4922674780418546,6.077697078549036,58.0,63.0,103.0,1380.0
840,-0.3878086135221822,1.4187038605289246,6.232265530216944,94.0,93.0,111.0,1382.0
841,0.32623479429935154,-0.35541664000143175,7.0611398267153245,223.0,242.0,240.0,1385.0
842,-0.841201188337233,1.0938945807442892,7.357030553116278,54.0,49.0,56.0,1386.0
843,-0.5182920972977475,1.579195486743157,6.096631076817351,44.0,72.0,93.0,1388.0
844,-0.24876406064153378,1.2934105227061505,6.211591509058022,41.0,76.0,106.0,1392.0
845,0.23506462113130924,0.5018366017589594,7.216213053928419,31.0,26.0,32.0,1393.0
846,0.3097214464635853,-0.7632392564788563,7.596180192419157,107.0,93.0,92.0,1394.0
847,-0.14906329710468236,0.32095529106344567,7.061471843492892,70.0,69.0,67.0,1397.0
848,-0.2184006211823436,0.11806948663204347,7.006572481585317,138.0,144.0,140.0,1398.0
849,-0.4932511995353075,-0.6741562115704842,7.833136017214468,72.0,69.0,78.0,1399.0
850,0.250893503271257,1.0322447260348901,7.6899687786820925,74.0,64.0,73.0,1401.0
851,-0.2008851186778356,0.5147526250348533,7.237671442839593,96.0,99.0,92.0,1405.0
852,-0.18801225661168552,0.4062194395363958,7.129331079750266,109.0,114.0,107.0,1407.0
853,-1.1352006154911933,1.2738934921351812,6.581528059616581,134.0,139.0,135.0,1409.0
854,-0.11735826652156914,-0.06903850606271411,6.954418503767137,119.0,135.0,132.0,1410.0
855,-0.6628634153885873,1.3687211549725975,6.6885785702819485,123.0,126.0,145.0,1412.0
856,-0.583516115907055,1.6780892601467046,6.098980534424656,78.0,70.0,117.0,1413.0
857,-0.5893286622544518,1.6299718711811026,6.10880304088444,96.0,111.0,116.0,1416.0
858,-0.10324265723704679,-0.28547345726156514,6.9797019672846705,191.0,202.0,186.0,1417.0
859,-0.6199649540533322,1.5956591878778748,6.105936729706334,31.0,40.0,69.0,1418.0
860,-0.1462771427761044,-0.7553549533820957,7.589243123436852,108.0,109.0,113.0,1419.0
861,-1.4352491886575856,1.394753713173409,6.3351653184931225,162.0,189.0,218.0,1420.0
862,-0.407481460177354,0.07682665429373137,7.084711502963978,130.0,121.0,122.0,1421.0
863,0.4909207300151415,0.1901265493839611,7.141564324905661,39.0,56.0,86.0,1423.0
864,-0.24321466860947724,-0.37806641845880645,7.1169591001851815,211.0,211.0,213.0,1427.0
865,0.19557127613698141,-0.4979347207116216,7.155510120086794,213.0,230.0,211.0,1428.0
866,-1.0201097428263406,1.3158077573296285,6.610917618872177,29.0,32.0,25.0,1430.0
867,-0.21267987312628522,0.0505423701495713,6.980885681804972,158.0,175.0,167.0,1431.0
868,-0.7457102794840385,-0.47780584243692836,7.939351951235453,74.0,66.0,77.0,1432.0
869,-0.41540643795675225,0.05811829333459254,7.092131967922398,125.0,116.0,109.0,1433.0
870,-0.45818664623902466,0.32125926811295585,7.246025045595094,130.0,147.0,165.0,1434.0
871,0.06494605324342866,0.3413918945797016,7.07045497425759,83.0,67.0,70.0,1437.0
872,0.5173098535847453,-0.13356012532345216,7.115517660999642,163.0,172.0,155.0,1440.0
873,-0.10965197581888263,1.6203269448451059,5.976246286194112,113.0,148.0,178.0,1442.0
874,-0.4585393379562199,0.012348353775578318,7.094873746583116,127.0,114.0,106.0,1443.0
875,-0.4476701417200473,0.23828077943534437,7.181385239070277,122.0,141.0,155.0,1444.0
876,-0.43414009092508554,0.09321221403854994,7.1091525641804125,119.0,104.0,97.0,1445.0
877,0.07027378031267907,-0.7091288287629764,7.679840948288225,48.0,38.0,47.0,1446.0
878,-0.1848360903459908,0.18167262732629536,7.013781227083437,117.0,137.0,135.0,1449.0
879,-0.0744297046659796,0.30660763657061374,7.028863383306491,117.0,110.0,104.0,1450.0
880,-0.3618832058447402,-0.0902627501047102,7.077197550893816,166.0,183.0,177.0,1452.0
881,0.6949903633579649,0.8966588794548049,7.5914533368670245,91.0,75.0,88.0,1455.0
882,0.09215294949853137,1.5146897380107145,5.908798901493469,111.0,87.0,111.0,1457.0
883,-0.5899311939981176,1.40442612642887,6.2705126061557035,43.0,49.0,49.0,1458.0
884,-0.8723273480925426,-0.5602810038092781,7.9536616983485775,71.0,68.0,77.0,1461.0
885,-0.08431001726979799,-0.3896418652794127,7.038921651610712,196.0,212.0,199.0,1462.0
886,0.15389775902141883,0.4515747169911304,7.152309233733747,69.0,72.0,77.0,1464.0
887,0.2034102465043001,-0.29465280568820823,7.007976357311254,174.0,194.0,185.0,1466.0
888,-0.46627801316912526,1.4356343346428269,6.147128605221604,158.0,171.0,188.0,1469.0
889,-0.866484200189309,-0.13888809019099205,7.992211531387645,112.0,108.0,109.0,1472.0
890,-0.24027442343295893,0.4411618332840596,7.185510679539009,108.0,118.0,110.0,1473.0
891,0.599199919337478,-0.8179665029553296,7.447282135184878,152.0,148.0,119.0,1475.0
892,0.7045994870308019,-0.37858105009281046,7.498088676329804,113.0,104.0,109.0,1477.0
893,-0.7999363824190646,0.9566493686879751,7.350146608413082,50.0,57.0,50.0,1478.0
894,0.1962746912092397,1.4361948318747786,6.436002250881722,92.0,74.0,90.0,1481.0
895,-0.4185917373070854,0.021787792861993026,7.087991253724719,117.0,113.0,110.0,1484.0
896,-0.19939782845461773,0.25870731471115915,7.044695840832665,117.0,138.0,139.0,1485.0
897,-0.4234578823069843,1.437943153903067,6.209048461244406,147.0,156.0,171.0,1489.0
898,-0.09947030845313823,1.030338258680859,6.3218856439129665,32.0,50.0,88.0,1490.0
899,-0.2468639474288527,1.4460212909482684,6.159705592145325,112.0,104.0,115.0,1491.0
900,-1.0937618637339628,1.2567832245182684,6.623001589550361,216.0,212.0,209.0,1494.0
901,-0.8627943718212271,-0.4163623342067998,7.971490180462859,68.0,66.0,80.0,1495.0
902,-1.6112854764120828,1.5671396812622973,6.4266152803971615,70.0,96.0,121.0,1496.0
903,0.7831801167624514,-0.6191508532463467,7.450740805559583,58.0,57.0,55.0,1498.0
904,-0.5259896361554323,0.7231465575702124,7.923488064048441,90.0,72.0,62.0,1500.0
905,0.3126673115819968,0.12886938210662832,7.004682965405075,125.0,153.0,167.0,1503.0
906,-0.22879705534347808,1.0270579497895445,6.308602172704628,46.0,49.0,90.0,1505.0
907,-1.1433138676198964,1.354741731065295,6.516827660706131,30.0,35.0,31.0,1506.0
908,-0.4932511995353075,-0.6741562115704842,7.833136017214468,72.0,69.0,78.0,1507.0
909,-0.49169023745639995,-0.0845963762568029,7.160450743490777,145.0,126.0,120.0,1508.0
910,-0.7342367055455333,1.384024500997001,6.533961679799587,148.0,142.0,152.0,1510.0
911,-0.10475781667547471,0.3285575346379556,7.059722121497674,70.0,65.0,69.0,1512.0
912,-0.5892861577752379,1.392984985166343,6.286180647329691,176.0,174.0,179.0,1514.0
913,-0.27991919976447005,0.07336303954254264,7.0239973247953795,82.0,101.0,95.0,1517.0
914,-0.3836485415934843,0.6351090592435469,7.722587774261281,40.0,40.0,42.0,1519.0
915,-1.2074137168251808,1.3365959500444218,6.524731539148571,47.0,43.0,44.0,1521.0
916,0.15784395599261727,-0.0354555996133332,6.949417388651316,161.0,173.0,163.0,1522.0
917,0.6039407813705624,1.2514220355674905,7.594108758144034,102.0,103.0,98.0,1523.0
918,-1.2296451755882212,1.1647448441592523,7.059269507449948,168.0,188.0,247.0,1524.0
919,0.5539147595480842,-0.7639814634974572,7.538843803058435,91.0,80.0,84.0,1525.0
920,-0.05209661713552804,0.5200651235429925,7.1964667952520625,71.0,71.0,61.0,1531.0
921,-0.7798448042975235,0.6032829684446398,7.9969620022013554,89.0,83.0,95.0,1532.0
922,-0.5932817878879318,0.7109181875045186,7.962899592282467,72.0,64.0,62.0,1535.0
923,-0.558224358334454,1.6480632085338407,6.109110277799749,83.0,122.0,139.0,1540.0
924,0.12316110835321632,1.4577649080117479,6.248344471153862,105.0,93.0,113.0,1542.0
925,-0.8820693288170647,-0.011070092395024484,8.002133726060947,83.0,71.0,83.0,1544.0
926,0.4260427235499004,1.1949801392845232,7.6486274110601835,49.0,46.0,41.0,1546.0
927,0.6382068532151225,-0.6218238020186871,7.513850103007526,113.0,102.0,98.0,1547.0
928,0.49748635608597647,0.023129412910035306,7.096795120537633,58.0,57.0,71.0,1548.0
929,-0.3146172379414959,-0.004117648105762445,7.027671851141514,159.0,174.0,169.0,1549.0
930,0.539706099927505,-0.6618030562557784,7.534557973044216,90.0,85.0,89.0,1550.0
931,0.49753722110845583,-0.6741183887961383,7.563161278998491,106.0,85.0,90.0,1553.0
932,-0.8065615030995397,0.5334090918124916,8.007287028325878,90.0,74.0,84.0,1556.0
933,-0.9346811394393687,1.3180866173764376,6.6055853355735525,20.0,30.0,29.0,1558.0
934,0.4521836208479735,-0.33434189309752965,7.145617706355193,173.0,183.0,174.0,1559.0
935,0.7751087757298901,-0.4450351543718055,7.506642514456289,105.0,89.0,102.0,1560.0
936,-0.13138374137858522,0.5398066709980566,7.26106026279588,74.0,71.0,62.0,1562.0
937,-0.31087610043193287,0.04163976527527766,7.0330955582580845,68.0,76.0,78.0,1563.0
938,-0.49902614323223177,-0.5957742671435349,7.8824607285038955,87.0,85.0,90.0,1570.0
939,-0.5081025523084897,1.4990305710339156,6.053002692837183,96.0,113.0,129.0,1571.0
940,-0.46627801316912526,1.4356343346428269,6.147128605221604,158.0,171.0,188.0,1572.0
941,-0.219256217949898,0.18343819221974955,7.02229536035919,145.0,168.0,162.0,1573.0
942,-1.1604686836224272,1.2244307004687456,6.647650688733954,154.0,165.0,157.0,1574.0
943,0.04408752278503735,1.2399436946872384,6.348790997789056,91.0,115.0,163.0,1575.0
944,0.0964413161053032,1.424100211828603,6.4446164496178975,82.0,82.0,90.0,1580.0
945,0.7992283607436067,-0.5942683204245883,7.475917429040159,107.0,102.0,98.0,1581.0
946,0.5529111171325847,1.1069357475213615,7.648088290320952,51.0,51.0,59.0,1584.0
947,0.09309841162353555,0.17299057431964368,6.98004212750398,111.0,137.0,134.0,1585.0
948,0.3163725107713426,-0.382545080744498,7.075521808554647,220.0,237.0,229.0,1586.0
949,-0.09882712964396159,-0.17248727061533678,6.970619121430635,174.0,185.0,179.0,1587.0
950,0.5896029635266271,-0.24699863676553072,7.222804831904354,152.0,135.0,128.0,1588.0
951,0.26308802362270767,1.4954208787286487,6.347665770183962,134.0,117.0,135.0,1590.0
952,-0.2933000535649693,0.24386794101588646,7.065652570383127,105.0,114.0,113.0,1593.0
953,-0.30798084454789676,1.6100511833782833,6.033979407545782,122.0,153.0,174.0,1594.0
954,0.5854772606529131,0.12126006602807171,7.222332410963805,138.0,167.0,183.0,1595.0
955,0.3424470117291418,1.4409470644543678,6.582497664818983,140.0,144.0,129.0,1596.0
956,0.30473927871413603,1.3922392066530007,6.643757718079417,93.0,101.0,120.0,1598.0
957,0.48644263343096544,0.37105197488696695,7.263374062736878,70.0,83.0,117.0,1599.0
958,-0.49099581234738476,-0.7825079283622965,7.829846582800566,109.0,96.0,105.0,1600.0
959,-0.5184616366289846,1.4916081497669742,6.0480519643892485,29.0,46.0,72.0,1601.0
960,-0.36260320753819003,1.4198943417490562,6.21992581036924,70.0,75.0,79.0,1603.0
961,0.35873116722782855,-0.20365139235212865,7.025729886176163,181.0,199.0,187.0,1605.0
962,-1.1411743292476273,1.2491550751639804,6.617402443571389,197.0,194.0,185.0,1611.0
963,-0.39680646455980834,1.4288222048301245,6.218753833142634,154.0,156.0,181.0,1612.0
964,-0.5593968014197738,-0.6573889263014167,7.8727582403702785,102.0,89.0,98.0,1614.0
965,-0.42005279853223626,0.9353086269710403,7.175924167384839,90.0,120.0,120.0,1615.0
966,0.467779028634312,0.04582273004340465,7.064162524184561,138.0,134.0,122.0,1616.0
967,-0.05463138311349002,0.41703376075028653,7.073939618705406,52.0,48.0,49.0,1619.0
968,-0.3645259230042127,0.12099746841458223,7.065598794791225,98.0,83.0,86.0,1622.0
969,-0.7553696060665199,0.9390829107847429,7.323492021199075,15.0,30.0,37.0,1623.0
970,-0.3576319028620651,0.10477953450484336,7.049719604710027,118.0,108.0,98.0,1624.0
971,-0.7948070467235823,0.7595927940666982,8.000395955635197,87.0,68.0,72.0,1625.0
972,0.05837233865625274,0.29789680119133416,7.004851435366713,104.0,99.0,95.0,1626.0
973,0.05837233865625274,0.29789680119133416,7.004851435366713,104.0,99.0,95.0,1628.0
974,0.6543915840468715,-0.58244414558662,7.517600196764155,104.0,92.0,102.0,1629.0
975,0.5756364097454825,1.2510473801593236,7.611414861606692,127.0,126.0,105.0,1634.0
976,0.24099168407157903,1.6123879211940673,6.1851725447420005,191.0,195.0,204.0,1636.0
977,-0.0793194720586889,0.34193888464143357,7.063131277429387,79.0,73.0,61.0,1638.0
978,0.5616475870801307,-0.8002394544607863,7.529703057377073,87.0,75.0,77.0,1643.0
979,-0.8405920104285223,-0.2677939708944713,7.988255841676991,85.0,75.0,83.0,1645.0
980,0.3100080633246222,-0.5232056209487205,7.241529483075715,147.0,164.0,158.0,1646.0
981,-0.9402357119175488,1.2945964959272538,6.603618735185799,38.0,39.0,41.0,1648.0
982,-0.0813050672986355,0.031991428016399384,6.948560910133103,125.0,142.0,134.0,1650.0
983,-0.7793175435547506,-0.45752317700286443,7.945322633138509,92.0,81.0,89.0,1652.0
984,0.23717366784668095,1.017631565340714,7.708651532009389,62.0,60.0,61.0,1653.0
985,0.6361428130429497,-0.7419148093583324,7.507246180754285,77.0,66.0,80.0,1654.0
986,-1.0937453846037801,1.3742364675316245,6.402363118235394,57.0,55.0,66.0,1656.0
987,0.5001731271760147,0.05365427412593306,7.104263388244366,44.0,55.0,75.0,1658.0
988,-1.1654358385099126,1.2828619356428193,6.554676245154331,139.0,148.0,145.0,1661.0
989,-0.7346833236337491,-0.7731291758455411,7.906429536051692,117.0,106.0,110.0,1662.0
990,0.4201184075467072,-0.6876684368655285,7.582876953367093,81.0,78.0,85.0,1664.0
991,-0.11752569379081218,1.2947054879520175,6.262380070318034,62.0,87.0,127.0,1665.0
992,0.5529111171325847,1.1069357475213615,7.648088290320952,51.0,51.0,59.0,1666.0
993,0.14849086729777694,1.4420016971481344,6.322842256664498,130.0,114.0,125.0,1670.0
994,-0.26862892721353754,-0.3757345014276191,7.1113808806219865,216.0,221.0,224.0,1672.0
995,-0.15242443011625362,1.0215070698962805,6.287938168976731,103.0,126.0,168.0,1674.0
996,-0.8034304161658867,1.2917327914047338,6.654512376470345,89.0,93.0,94.0,1675.0
997,0.2035233350890706,-0.4322052505601076,7.092381762215096,218.0,234.0,223.0,1679.0
998,0.3479015835070123,1.5125563728864002,6.471458845673483,95.0,111.0,134.0,1681.0
999,-0.21047754686433445,0.9852810633673221,6.34884957885138,182.0,208.0,241.0,1682.0
1000,0.37071922275344593,0.9990879753909302,7.697196657079599,67.0,60.0,68.0,1683.0
1001,-0.04719397174490253,1.4016946563173194,6.2970042162459485,115.0,128.0,108.0,1684.0
1002,-0.4866824424183259,1.4467566329157906,6.040023210887302,140.0,138.0,160.0,1685.0
1003,-1.1717909390175758,1.2320531329770272,6.7258095302988865,78.0,82.0,93.0,1687.0
1004,0.20605910069603603,0.42593000227132316,7.133291837407142,68.0,69.0,73.0,1690.0
1005,0.21859381961569116,0.44671451584226973,7.1510191311925615,62.0,64.0,76.0,1692.0
1006,-0.842863461307236,0.1256413521704541,7.963433169277807,107.0,94.0,101.0,1694.0
1007,0.126698258678972,-0.5795373423448049,7.258718119786392,220.0,225.0,205.0,1695.0
1008,0.23569917308193614,0.7643925284923064,7.415364869607083,105.0,105.0,93.0,1699.0
1009,0.4932141366879227,-0.167284807103662,7.083454782594743,129.0,144.0,139.0,1700.0
1010,-0.4556081206047954,-0.21678889666405857,7.1583561156534055,183.0,170.0,153.0,1701.0
1011,0.010988499232343282,1.4521607500926998,6.180721175229076,107.0,99.0,120.0,1702.0
1012,0.08235902680235077,1.3975096769575148,6.469881499030048,148.0,155.0,148.0,1705.0
1013,0.4331829574455923,1.4393195711016,6.791924725532999,42.0,55.0,90.0,1707.0
1014,0.15784395599261727,-0.0354555996133332,6.949417388651316,161.0,173.0,163.0,1712.0
1015,-0.4843316400624615,1.4322340388733195,6.114318307484799,62.0,56.0,70.0,1713.0
1016,-0.15261222764530097,0.9700172199426815,6.362053679629294,122.0,144.0,191.0,1714.0
1017,0.21783326794764452,-0.2970927444272435,7.011725856595548,213.0,226.0,219.0,1720.0
1018,0.24906060037869068,1.4210377594448262,6.562434636991646,133.0,142.0,151.0,1724.0
1019,0.18688685537550168,1.3181075311057366,6.892211838003675,197.0,214.0,204.0,1725.0
1020,-0.532187453580139,0.16306739822167945,7.228674021454825,150.0,169.0,176.0,1726.0
1021,0.11937249203264293,1.453852573829402,6.275891768429574,128.0,115.0,135.0,1727.0
1022,-0.8923435739887621,-0.8515073067870598,7.943975769823271,99.0,90.0,93.0,1728.0
1023,0.41825241237536087,0.1632165199168896,7.089400217128849,93.0,128.0,147.0,1730.0
1024,0.5392131386931974,1.433590817820005,7.10336525577404,54.0,50.0,73.0,1732.0
1025,0.40583243612999254,-0.6420849802198535,7.594738894310519,101.0,86.0,89.0,1736.0
1026,-0.15999232834907648,1.4570790959178799,6.13571714452485,129.0,124.0,144.0,1739.0
1027,-0.8112062402799185,-0.6729038900833139,7.944632998465519,96.0,95.0,91.0,1747.0
1028,-0.05188781738874575,0.40617397745612077,7.102460812260862,93.0,73.0,74.0,1748.0
1029,-0.09690976846652115,-0.8010143619362083,7.486575514052808,29.0,55.0,82.0,1749.0
1030,-0.19629525053109578,1.4424992215449686,6.1843613373353605,119.0,111.0,124.0,1750.0
1031,-0.7348517898421257,0.7361435131923328,7.99138236964515,80.0,65.0,68.0,1751.0
1032,0.2709860168458942,-0.20006877133571177,6.978035955611706,199.0,209.0,201.0,1753.0
1033,0.1575195795572387,1.1730565753377682,7.102865424927769,190.0,198.0,175.0,1755.0
1034,0.059186677884497,1.5165357921195324,5.901641911996387,158.0,143.0,164.0,1756.0
1035,-0.3116579688789828,0.2604495663358563,7.101108510655575,140.0,152.0,148.0,1758.0
1036,0.2532749067258125,1.5538268451295065,6.21033675707979,41.0,52.0,98.0,1759.0
1037,-0.4609107144704618,0.1908963686818065,7.144999286452963,138.0,162.0,174.0,1761.0
1038,0.43650111743456393,-0.7289754091557942,7.550905863923883,103.0,83.0,82.0,1764.0
1039,-0.8176868027937,-0.17022909720875096,7.960151867769431,115.0,102.0,109.0,1765.0
1040,-0.3258304901874098,1.261084287472323,6.2546741745251415,95.0,134.0,177.0,1767.0
1041,-0.2814319461863866,1.2330106950613908,6.228915349974249,77.0,105.0,152.0,1768.0
1042,0.43999091098227916,1.083041755463846,7.6436019244426125,71.0,57.0,74.0,1772.0
1043,0.08164669644150889,-0.310996967734352,6.982392337552192,186.0,204.0,192.0,1773.0
1044,-0.2184006211823436,0.11806948663204347,7.006572481585317,138.0,144.0,140.0,1775.0
1045,-0.8495674782315065,-0.45992284235854086,7.936965876082245,97.0,87.0,96.0,1776.0
1046,-0.19249932962755126,0.19316594767220435,7.012416715212752,144.0,162.0,164.0,1778.0
1047,-0.6802533607136407,1.481032069799453,6.106508908954628,67.0,79.0,119.0,1780.0
1048,-0.17004096151098544,0.5344658888942183,7.26432373596114,37.0,46.0,45.0,1783.0
1049,0.21847651001971932,-0.358318264218624,7.049522978895484,186.0,198.0,178.0,1785.0
1050,0.35719678949223177,-0.7284657123009799,7.583705440146743,88.0,72.0,75.0,1786.0
1051,-0.5227884933807119,1.409588580682204,6.163966878930815,162.0,174.0,170.0,1788.0
1052,0.5779833513939658,1.3757664526876525,7.252159732933046,134.0,123.0,127.0,1789.0
1053,0.05638056383706631,1.654765424993045,5.914204271143739,98.0,107.0,146.0,1792.0
1054,-0.8198505416134623,-0.24732048048014907,7.960416494688313,112.0,97.0,100.0,1793.0
1055,0.06370388656068504,0.4209913988977418,7.062844505114296,67.0,58.0,63.0,1794.0
1056,-0.8624377860610661,0.2925079443202196,7.9845841997924865,104.0,99.0,105.0,1795.0
1057,-1.2235061513376815,1.3079334206141877,6.549918084262613,180.0,186.0,174.0,1798.0
1058,0.05297954939695898,1.4565135676720578,6.106929831554991,107.0,102.0,125.0,1799.0
1059,-0.682033017536569,-0.4861337391804893,7.942753034773279,101.0,89.0,93.0,1800.0
1060,0.11861280104788254,1.4146744901471346,6.510661596808988,88.0,93.0,97.0,1804.0
1061,-0.42398335454251596,0.07408638118933449,7.108477581954095,84.0,71.0,78.0,1805.0
1062,-0.46882435663335875,0.19145340838432232,7.183279586770487,145.0,162.0,170.0,1809.0
1063,-0.26502817814739565,-0.2690894901645644,7.061159005193469,175.0,157.0,143.0,1810.0
1064,0.5881469412162594,-0.5206345786002603,7.544998245758203,75.0,69.0,73.0,1812.0
1065,0.47541815981382174,0.3504330912589705,7.235591266561235,47.0,58.0,103.0,1816.0
1066,0.13780461119951218,-0.7171635035586356,7.662667480323848,61.0,55.0,59.0,1817.0
1067,-0.7545367860944766,0.5190315972457871,8.014054401644849,99.0,88.0,102.0,1819.0
1068,-0.7454240056372513,0.45913985265340057,7.964909530507221,88.0,83.0,90.0,1821.0
1069,-0.5392854577926428,0.08034908801465337,7.2029199608088605,86.0,87.0,89.0,1823.0
1070,-0.06609121939436749,0.49161150417123956,7.171570425899447,63.0,59.0,60.0,1824.0
1071,-0.7250790327558254,-0.407082611281575,7.9485970226253295,102.0,96.0,98.0,1828.0
1072,0.26521564088901967,1.009765969083954,7.6531984311829495,63.0,53.0,52.0,1831.0
1073,-1.1907175642988344,1.3418148581402587,6.487128231919778,147.0,153.0,139.0,1832.0
1074,-0.4250424791710658,0.24600118088504522,7.17105560765307,138.0,158.0,169.0,1834.0
1075,-0.6635295806132488,1.587754555300193,6.144357983768689,115.0,153.0,162.0,1835.0
1076,-0.07978055675729444,0.7536255415105675,7.574148543955239,44.0,49.0,52.0,1836.0
1077,-0.8477359197925816,-0.3653651130606954,7.970677965562315,83.0,80.0,87.0,1838.0
1078,-0.5446515843815252,0.745609444014565,7.936278930115512,72.0,58.0,58.0,1842.0
1079,-0.6932297866081335,-0.5478058016371438,7.9072265744002,106.0,91.0,98.0,1847.0
1080,-0.07887382136179497,0.013011230005097314,6.955690880036586,132.0,149.0,139.0,1849.0
1081,-0.4894164189369432,1.4037297070743224,6.19184725728049,56.0,54.0,67.0,1851.0
1082,0.4524194693168491,-0.353975532589663,7.176812633515991,198.0,215.0,199.0,1852.0
1083,0.05638056383706631,1.654765424993045,5.914204271143739,98.0,107.0,146.0,1854.0
1084,-0.5073947891270036,1.4084985469596796,6.168143946803586,50.0,54.0,40.0,1857.0
1085,-0.9621910243264242,1.4253120527539958,6.240463482818034,155.0,153.0,166.0,1859.0
1086,-0.7784923724954296,1.385363264967804,6.491448488639666,112.0,106.0,116.0,1860.0
1087,0.21897668581130322,1.2667492027186336,7.061569765627401,49.0,91.0,71.0,1866.0
1088,0.3615806805839503,1.4607105589285556,6.580140850024754,143.0,143.0,135.0,1867.0
1089,-0.14825289759838742,-0.567127166886355,7.2754738869450115,160.0,180.0,179.0,1872.0
1090,0.20147089545634617,-0.3309176077435583,7.040253950362245,182.0,196.0,173.0,1874.0
1091,-0.06100185668081318,0.06657745015003362,6.964218429712784,162.0,181.0,175.0,1876.0
1092,-0.4780940284518085,-0.05328210893882297,7.112449285598174,140.0,121.0,107.0,1877.0
1093,0.3642050014449425,-0.7181229917287325,7.6121131423183614,105.0,83.0,85.0,1879.0
1094,-0.08427594931944674,1.0493404370782706,6.339194468480458,26.0,38.0,86.0,1880.0
1095,0.4364306170259996,0.09558774004538108,7.1107184901512985,110.0,137.0,146.0,1885.0
1096,-0.5370335355041551,-0.6744158438636905,7.894141174890269,82.0,78.0,79.0,1889.0
1097,-0.18063525074497833,0.026165524397205243,6.978970887518376,163.0,173.0,165.0,1895.0
1098,-0.5422191467581017,1.6200682707728244,6.08297016079828,64.0,95.0,123.0,1901.0
1099,-0.5073947891270036,1.4084985469596796,6.168143946803586,50.0,54.0,40.0,1903.0
1100,0.517730345831216,1.2574144395812927,7.648010523897262,138.0,133.0,111.0,1904.0
1101,-0.511888934507045,1.4260224537436867,6.083463820299577,95.0,93.0,94.0,1905.0
1102,0.7300735771091409,-0.28668889204813613,7.493000235260212,95.0,75.0,87.0,1912.0
1103,-0.31414855244049655,1.4416068834294349,6.127695503538824,120.0,95.0,117.0,1913.0
1104,0.2831311377664516,-0.23249802224276983,7.008297784407983,181.0,191.0,183.0,1916.0
1105,-0.3691194645774519,-0.21786850867314542,7.08680272531621,193.0,183.0,174.0,1917.0
1106,0.5777448686089589,1.3853945299736303,7.2197584999144055,98.0,100.0,99.0,1918.0
1107,-1.1352006154911933,1.2738934921351812,6.581528059616581,134.0,139.0,135.0,1920.0
1108,0.5782190160280981,1.3488692283170047,7.460144317364581,74.0,71.0,88.0,1922.0
